Rep_Name,Doctor_ID,Doctor_Name,Coupon_Overall,Coupon_Feb,Samples_Feb,Calls_Feb
Amit Sharma,DOC2001,Dr. Rajesh Kumar,440,15,5,1
Amit Sharma,DOC2002,Dr. Sunita Kumar,392,14,0,1
Amit Sharma,DOC2003,Dr. Manoj Kumar,48,2,2,1
Amit Sharma,DOC2004,Dr. Anita Kumar,768,0,0,0
Amit Sharma,DOC2005,Dr. Deepak Kumar,292,0,0,0
Amit Sharma,DOC2006,Dr. Rekha Kumar,298,34,0,3
Amit Sharma,DOC2007,Dr. Arun Kumar,1141,0,0,0
Amit Sharma,DOC2008,Dr. Priti Kumar,620,25,0,1
Amit Sharma,DOC2009,Dr. Sanjay Kumar,372,0,12,1
Amit Sharma,DOC2010,Dr. Meena Kumar,64,0,0,0
Amit Sharma,DOC2011,Dr. Vikram Kumar,43,6,0,1
Amit Sharma,DOC2012,Dr. Pooja Kumar,256,19,0,1
Amit Sharma,DOC2013,Dr. Ramesh Kumar,381,0,0,0
Amit Sharma,DOC2014,Dr. Geeta Kumar,84,0,7,1
Amit Sharma,DOC2015,Dr. Nitin Kumar,270,36,0,1
Amit Sharma,DOC2016,Dr. Swati Kumar,703,26,7,1
Amit Sharma,DOC2017,Dr. Ajay Kumar,233,0,0,0
Amit Sharma,DOC2018,Dr. Lata Kumar,4380,0,6,1
Amit Sharma,DOC2019,Dr. Prakash Kumar,13,1,4,1
Amit Sharma,DOC2020,Dr. Alka Kumar,1480,0,0,0
Amit Sharma,DOC2021,Dr. Sunil Kumar,6396,0,0,0
Amit Sharma,DOC2022,Dr. Kavita Kumar,140,53,3,1
Amit Sharma,DOC2023,Dr. Ravi Kumar,506,0,0,0
Amit Sharma,DOC2024,Dr. Smita Kumar,34,0,0,0
Amit Sharma,DOC2025,Dr. Mahesh Kumar,43,0,0,0
Amit Sharma,DOC2026,Dr. Nisha Kumar,322,36,0,1
Amit Sharma,DOC2027,Dr. Ganesh Kumar,27,0,0,0
Amit Sharma,DOC2028,Dr. Rohini Kumar,18,0,0,0
Amit Sharma,DOC2029,Dr. Vikas Kumar,210,0,0,0
Amit Sharma,DOC2030,Dr. Anita Kumar,27,0,6,1
Amit Sharma,DOC2031,Dr. Santosh Kumar,167,0,0,0
Amit Sharma,DOC2032,Dr. Varsha Kumar,37,0,0,0
Amit Sharma,DOC2033,Dr. Dinesh Kumar,444,0,0,0
Amit Sharma,DOC2034,Dr. Madhuri Kumar,677,0,0,0
Amit Sharma,DOC2035,Dr. Pradeep Kumar,376,0,0,0
Amit Sharma,DOC2036,Dr. Seema Kumar,97,0,0,0
Amit Sharma,DOC2037,Dr. Ashok Kumar,125,35,0,1
Amit Sharma,DOC2038,Dr. Vandana Kumar,43,0,0,0
Amit Sharma,DOC2039,Dr. Pramod Kumar,35,0,0,0
Amit Sharma,DOC2040,Dr. Chhaya Kumar,166,0,0,0
Amit Sharma,DOC2041,Dr. Vijay Kumar,56,0,0,0
Amit Sharma,DOC2042,Dr. Shobha Kumar,59,0,0,0
Amit Sharma,DOC2043,Dr. Anil Kumar,0,0,0,0
Amit Sharma,DOC2044,Dr. Sushma Kumar,0,0,0,0
Amit Sharma,DOC2045,Dr. Mohan Kumar,27,0,0,0
Amit Sharma,DOC2046,Dr. Radha Kumar,0,0,0,0
Amit Sharma,DOC2047,Dr. Suresh Kumar,155,0,0,0
Amit Sharma,DOC2048,Dr. Usha Kumar,14,0,0,0
Amit Sharma,DOC2049,Dr. Rahul Kumar,359,23,0,1
Amit Sharma,DOC2050,Dr. Sneha Kumar,7,0,0,0
Amit Sharma,DOC2051,Dr. Amit Kumar,33,0,0,0
Amit Sharma,DOC2052,Dr. Divya Kumar,16,0,0,0
Amit Sharma,DOC2053,Dr. Rohit Kumar,0,0,0,0
Amit Sharma,DOC2054,Dr. Priya Kumar,43,0,6,1
Amit Sharma,DOC2055,Dr. Kiran Kumar,278,184,0,1
Amit Sharma,DOC2056,Dr. Neha Kumar,84,0,0,0
Amit Sharma,DOC2057,Dr. Sachin Kumar,96,0,0,0
Amit Sharma,DOC2058,Dr. Pallavi Kumar,31,5,6,1
Amit Sharma,DOC2059,Dr. Vishal Kumar,255,0,0,0
Amit Sharma,DOC2060,Dr. Shruti Kumar,76,1,0,1
Amit Sharma,DOC2061,Dr. Nilesh Kumar,13,0,10,1
Amit Sharma,DOC2062,Dr. Manisha Kumar,10,0,0,0
Amit Sharma,DOC2063,Dr. Sandip Kumar,60,3,0,1
Amit Sharma,DOC2064,Dr. Rashmi Kumar,0,0,0,0
Amit Sharma,DOC2065,Dr. Pradip Kumar,70,0,0,0
Amit Sharma,DOC2066,Dr. Sunanda Kumar,13,0,0,0
Amit Sharma,DOC2067,Dr. Hemant Kumar,36,0,0,0
Amit Sharma,DOC2068,Dr. Vaishali Kumar,69,0,0,0
Amit Sharma,DOC2069,Dr. Girish Kumar,169,37,6,1
Amit Sharma,DOC2070,Dr. Sonal Kumar,9,0,5,1
Amit Sharma,DOC2071,Dr. Tushar Kumar,85,0,0,0
Amit Sharma,DOC2072,Dr. Mugdha Kumar,0,0,0,0
Amit Sharma,DOC2073,Dr. Shekhar Kumar,0,0,0,0
Amit Sharma,DOC2074,Dr. Aparna Kumar,37,4,4,1
Amit Sharma,DOC2075,Dr. Devendra Kumar,23,10,0,1
Amit Sharma,DOC2076,Dr. Archana Kumar,0,0,0,0
Amit Sharma,DOC2077,Dr. Yogesh Kumar,48,43,6,1
Amit Sharma,DOC2078,Dr. Sarita Kumar,0,0,0,0
Amit Sharma,DOC2079,Dr. Milind Kumar,58,0,0,0
Amit Sharma,DOC2080,Dr. Jyoti Kumar,75,12,0,1
Amit Sharma,DOC2081,Dr. Sharad Kumar,0,0,0,0
Amit Sharma,DOC2082,Dr. Shubhangi Kumar,5,2,0,1
Amit Sharma,DOC2083,Dr. Umesh Kumar,20,0,3,1
Amit Sharma,DOC2084,Dr. Bharati Kumar,0,0,0,0
Amit Sharma,DOC2085,Dr. Kedar Kumar,2,0,0,0
Amit Sharma,DOC2086,Dr. Leela Kumar,14,0,0,0
Amit Sharma,DOC2087,Dr. Narendra Kumar,23,0,0,0
Amit Sharma,DOC2088,Dr. Manda Kumar,0,0,0,0
Amit Sharma,DOC2089,Dr. Satish Kumar,0,0,0,0
Amit Sharma,DOC2090,Dr. Sulabha Kumar,0,0,0,0
Amit Sharma,DOC2091,Dr. Ravindra Kumar,0,0,0,0
Amit Sharma,DOC2092,Dr. Nanda Kumar,0,0,0,0
Amit Sharma,DOC2093,Dr. Dilip Kumar,6,0,0,0
Amit Sharma,DOC2094,Dr. Kamala Kumar,0,0,0,0
Amit Sharma,DOC2095,Dr. Madhukar Kumar,0,0,0,0
Amit Sharma,DOC2096,Dr. Sarojini Kumar,0,0,0,0
Amit Sharma,DOC2097,Dr. Bhaskar Kumar,0,0,0,0
Amit Sharma,DOC2098,Dr. Vimala Kumar,0,0,0,0
Amit Sharma,DOC2099,Dr. Chandrakant Kumar,0,0,2,1
Amit Sharma,DOC2100,Dr. Shanta Kumar,0,0,0,0
Amit Sharma,DOC2101,Dr. Dattatray Kumar,0,0,0,0
Amit Sharma,DOC2102,Dr. Savita Kumar,0,0,0,0
Amit Sharma,DOC2103,Dr. Vasant Kumar,0,0,0,0
Amit Sharma,DOC2104,Dr. Hema Kumar,0,0,0,0
Amit Sharma,DOC2105,Dr. Govind Kumar,0,0,0,0
Amit Sharma,DOC2106,Dr. Sindhu Kumar,0,0,0,0
Amit Sharma,DOC2107,Dr. Krishna Kumar,0,0,0,0
Amit Sharma,DOC2108,Dr. Malati Kumar,0,0,0,0
Amit Sharma,DOC2109,Dr. Shivaji Kumar,1,0,0,0
Amit Sharma,DOC2110,Dr. Pushpa Kumar,162,18,0,1
Amit Sharma,DOC2111,Dr. Babasaheb Kumar,164,0,0,0
Amit Sharma,DOC2112,Dr. Sumati Kumar,30,6,0,1
Amit Sharma,DOC2113,Dr. Pandurang Kumar,1304,0,0,0
Amit Sharma,DOC2114,Dr. Nirmala Kumar,6,0,0,0
Amit Sharma,DOC2115,Dr. Vitthal Kumar,0,0,0,0
Amit Sharma,DOC2116,Dr. Sakhubai Kumar,2,0,0,0
Amit Sharma,DOC2117,Dr. Tukaram Kumar,106,0,0,0
Amit Sharma,DOC2118,Dr. Rukmini Kumar,0,0,0,0
Amit Sharma,DOC2119,Dr. Namdev Kumar,0,0,0,0
Amit Sharma,DOC2120,Dr. Yamuna Kumar,0,0,0,0
Amit Sharma,DOC2121,Dr. Rajesh Patel,33,0,0,0
Amit Sharma,DOC2122,Dr. Sunita Patel,3,2,6,1
Amit Sharma,DOC2123,Dr. Manoj Patel,116,42,0,1
Amit Sharma,DOC2124,Dr. Anita Patel,9,0,0,0
Amit Sharma,DOC2125,Dr. Deepak Patel,27,5,0,1
Amit Sharma,DOC2126,Dr. Rekha Patel,0,0,0,0
Amit Sharma,DOC2127,Dr. Arun Patel,0,0,22,1
Amit Sharma,DOC2128,Dr. Priti Patel,4,0,0,0
Amit Sharma,DOC2129,Dr. Sanjay Patel,0,0,0,0
Amit Sharma,DOC2130,Dr. Meena Patel,0,0,0,0
Amit Sharma,DOC2131,Dr. Vikram Patel,0,0,0,0
Amit Sharma,DOC2132,Dr. Pooja Patel,0,0,0,0
Amit Sharma,DOC2133,Dr. Ramesh Patel,0,0,0,0
Amit Sharma,DOC2134,Dr. Geeta Patel,0,0,0,0
Amit Sharma,DOC2135,Dr. Nitin Patel,0,0,0,0
Amit Sharma,DOC2136,Dr. Swati Patel,0,0,0,0
Amit Sharma,DOC2137,Dr. Ajay Patel,0,0,0,0
Amit Sharma,DOC2138,Dr. Lata Patel,39,28,0,1
Amit Sharma,DOC2139,Dr. Prakash Patel,0,0,0,0
Amit Sharma,DOC2140,Dr. Alka Patel,0,0,0,0
Amit Sharma,DOC2141,Dr. Sunil Patel,0,0,0,0
Amit Sharma,DOC2142,Dr. Kavita Patel,92,5,0,2
Amit Sharma,DOC2143,Dr. Ravi Patel,0,0,0,0
Amit Sharma,DOC2144,Dr. Smita Patel,4,0,0,0
Amit Sharma,DOC2145,Dr. Mahesh Patel,1,0,0,0
Amit Sharma,DOC2146,Dr. Nisha Patel,4,0,0,0
Amit Sharma,DOC2147,Dr. Ganesh Patel,0,0,0,0
Amit Sharma,DOC2148,Dr. Rohini Patel,30,23,0,1
Amit Sharma,DOC2149,Dr. Vikas Patel,11,0,0,0
Amit Sharma,DOC2150,Dr. Anita Patel,3,0,0,0
Amit Sharma,DOC2151,Dr. Santosh Patel,38,25,0,1
Amit Sharma,DOC2152,Dr. Varsha Patel,0,0,0,0
Amit Sharma,DOC2153,Dr. Dinesh Patel,8,0,0,0
Amit Sharma,DOC2154,Dr. Madhuri Patel,1,1,0,1
Priya Desai,DOC2155,Dr. Pradeep Patel,35,6,0,1
Priya Desai,DOC2156,Dr. Seema Patel,97,0,4,1
Priya Desai,DOC2157,Dr. Ashok Patel,16,7,0,1
Priya Desai,DOC2158,Dr. Vandana Patel,5,0,2,2
Priya Desai,DOC2159,Dr. Pramod Patel,258,0,1,1
Priya Desai,DOC2160,Dr. Chhaya Patel,304,14,2,2
Priya Desai,DOC2161,Dr. Vijay Patel,10,0,1,1
Priya Desai,DOC2162,Dr. Shobha Patel,263,9,0,1
Priya Desai,DOC2163,Dr. Anil Patel,0,0,2,1
Priya Desai,DOC2164,Dr. Sushma Patel,354,58,0,2
Priya Desai,DOC2165,Dr. Mohan Patel,246,30,0,2
Priya Desai,DOC2166,Dr. Radha Patel,188,11,0,1
Priya Desai,DOC2167,Dr. Suresh Patel,14,0,6,1
Priya Desai,DOC2168,Dr. Usha Patel,0,0,1,1
Priya Desai,DOC2169,Dr. Rahul Patel,0,0,10,4
Priya Desai,DOC2170,Dr. Sneha Patel,362,32,0,2
Priya Desai,DOC2171,Dr. Amit Patel,0,0,1,1
Priya Desai,DOC2172,Dr. Divya Patel,201,3,0,1
Priya Desai,DOC2173,Dr. Rohit Patel,2,0,0,0
Priya Desai,DOC2174,Dr. Priya Patel,19,0,0,0
Priya Desai,DOC2175,Dr. Kiran Patel,0,0,1,1
Priya Desai,DOC2176,Dr. Neha Patel,41,0,0,0
Priya Desai,DOC2177,Dr. Sachin Patel,3,0,0,0
Priya Desai,DOC2178,Dr. Pallavi Patel,0,0,2,1
Priya Desai,DOC2179,Dr. Vishal Patel,100,6,1,2
Priya Desai,DOC2180,Dr. Shruti Patel,17,17,17,1
Priya Desai,DOC2181,Dr. Nilesh Patel,200,1,1,2
Priya Desai,DOC2182,Dr. Manisha Patel,17,0,4,2
Priya Desai,DOC2183,Dr. Sandip Patel,285,0,1,1
Priya Desai,DOC2184,Dr. Rashmi Patel,26,0,0,0
Priya Desai,DOC2185,Dr. Pradip Patel,0,0,1,1
Priya Desai,DOC2186,Dr. Sunanda Patel,1,0,1,1
Priya Desai,DOC2187,Dr. Hemant Patel,0,0,1,1
Priya Desai,DOC2188,Dr. Vaishali Patel,116,6,5,2
Priya Desai,DOC2189,Dr. Girish Patel,15,0,1,1
Priya Desai,DOC2190,Dr. Sonal Patel,37,0,0,0
Priya Desai,DOC2191,Dr. Tushar Patel,0,0,0,0
Priya Desai,DOC2192,Dr. Mugdha Patel,30,2,6,1
Priya Desai,DOC2193,Dr. Shekhar Patel,6,0,0,0
Priya Desai,DOC2194,Dr. Aparna Patel,1,0,0,0
Priya Desai,DOC2195,Dr. Devendra Patel,88,0,4,2
Priya Desai,DOC2196,Dr. Archana Patel,92,0,0,0
Priya Desai,DOC2197,Dr. Yogesh Patel,354,5,8,4
Priya Desai,DOC2198,Dr. Sarita Patel,5,1,2,1
Priya Desai,DOC2199,Dr. Milind Patel,45,6,0,1
Priya Desai,DOC2200,Dr. Jyoti Patel,5,0,0,0
Priya Desai,DOC2201,Dr. Sharad Patel,105,11,0,1
Priya Desai,DOC2202,Dr. Shubhangi Patel,0,0,1,1
Priya Desai,DOC2203,Dr. Umesh Patel,22,0,0,0
Priya Desai,DOC2204,Dr. Bharati Patel,61,0,0,0
Priya Desai,DOC2205,Dr. Kedar Patel,37,8,0,1
Priya Desai,DOC2206,Dr. Leela Patel,0,0,2,2
Priya Desai,DOC2207,Dr. Narendra Patel,141,10,0,1
Priya Desai,DOC2208,Dr. Manda Patel,7,0,0,0
Priya Desai,DOC2209,Dr. Satish Patel,144,8,6,3
Priya Desai,DOC2210,Dr. Sulabha Patel,14,0,2,1
Priya Desai,DOC2211,Dr. Ravindra Patel,65,0,0,0
Priya Desai,DOC2212,Dr. Nanda Patel,2,0,0,0
Priya Desai,DOC2213,Dr. Dilip Patel,0,0,0,0
Priya Desai,DOC2214,Dr. Kamala Patel,0,0,0,0
Priya Desai,DOC2215,Dr. Madhukar Patel,3,0,0,0
Priya Desai,DOC2216,Dr. Sarojini Patel,144,3,1,2
Priya Desai,DOC2217,Dr. Bhaskar Patel,1,0,9,1
Priya Desai,DOC2218,Dr. Vimala Patel,24,20,0,2
Priya Desai,DOC2219,Dr. Chandrakant Patel,0,0,0,0
Priya Desai,DOC2220,Dr. Shanta Patel,3,1,0,1
Priya Desai,DOC2221,Dr. Dattatray Patel,0,0,8,3
Priya Desai,DOC2222,Dr. Savita Patel,0,0,0,0
Priya Desai,DOC2223,Dr. Vasant Patel,0,0,0,0
Priya Desai,DOC2224,Dr. Hema Patel,46,0,0,0
Priya Desai,DOC2225,Dr. Govind Patel,0,0,0,0
Priya Desai,DOC2226,Dr. Sindhu Patel,0,0,11,1
Priya Desai,DOC2227,Dr. Krishna Patel,0,0,0,0
Priya Desai,DOC2228,Dr. Malati Patel,0,0,0,0
Priya Desai,DOC2229,Dr. Shivaji Patel,0,0,0,0
Priya Desai,DOC2230,Dr. Pushpa Patel,0,0,0,0
Priya Desai,DOC2231,Dr. Babasaheb Patel,0,0,0,0
Priya Desai,DOC2232,Dr. Sumati Patel,2,0,0,0
Priya Desai,DOC2233,Dr. Pandurang Patel,0,0,0,0
Priya Desai,DOC2234,Dr. Nirmala Patel,3,0,0,0
Priya Desai,DOC2235,Dr. Vitthal Patel,0,0,0,0
Priya Desai,DOC2236,Dr. Sakhubai Patel,64,21,2,4
Priya Desai,DOC2237,Dr. Tukaram Patel,0,0,1,1
Priya Desai,DOC2238,Dr. Rukmini Patel,0,0,0,0
Priya Desai,DOC2239,Dr. Namdev Patel,0,0,0,0
Priya Desai,DOC2240,Dr. Yamuna Patel,0,0,0,0
Priya Desai,DOC2241,Dr. Rajesh Gupta,0,0,0,0
Priya Desai,DOC2242,Dr. Sunita Gupta,0,0,4,1
Priya Desai,DOC2243,Dr. Manoj Gupta,0,0,1,1
Priya Desai,DOC2244,Dr. Anita Gupta,0,0,0,0
Priya Desai,DOC2245,Dr. Deepak Gupta,0,0,0,0
Priya Desai,DOC2246,Dr. Rekha Gupta,7,0,12,1
Priya Desai,DOC2247,Dr. Arun Gupta,0,0,0,0
Priya Desai,DOC2248,Dr. Priti Gupta,0,0,0,0
Priya Desai,DOC2249,Dr. Sanjay Gupta,0,0,0,0
Priya Desai,DOC2250,Dr. Meena Gupta,2,0,1,1
Priya Desai,DOC2251,Dr. Vikram Gupta,124,2,1,2
Priya Desai,DOC2252,Dr. Pooja Gupta,13,0,0,0
Priya Desai,DOC2253,Dr. Ramesh Gupta,558,57,1,3
Priya Desai,DOC2254,Dr. Geeta Gupta,1,0,0,0
Priya Desai,DOC2255,Dr. Nitin Gupta,2,0,0,0
Priya Desai,DOC2256,Dr. Swati Gupta,37,0,0,0
Priya Desai,DOC2257,Dr. Ajay Gupta,24,6,0,2
Priya Desai,DOC2258,Dr. Lata Gupta,5,0,0,0
Priya Desai,DOC2259,Dr. Prakash Gupta,463,40,0,3
Priya Desai,DOC2260,Dr. Alka Gupta,38,0,0,0
Priya Desai,DOC2261,Dr. Sunil Gupta,106,4,1,2
Priya Desai,DOC2262,Dr. Kavita Gupta,1,0,2,1
Priya Desai,DOC2263,Dr. Ravi Gupta,2,0,0,0
Priya Desai,DOC2264,Dr. Smita Gupta,0,0,1,1
Priya Desai,DOC2265,Dr. Mahesh Gupta,0,0,0,0
Priya Desai,DOC2266,Dr. Nisha Gupta,0,0,0,0
Priya Desai,DOC2267,Dr. Ganesh Gupta,0,0,3,1
Priya Desai,DOC2268,Dr. Rohini Gupta,16,0,1,1
Priya Desai,DOC2269,Dr. Vikas Gupta,4,0,1,1
Priya Desai,DOC2270,Dr. Anita Gupta,0,0,0,0
Priya Desai,DOC2271,Dr. Santosh Gupta,362,0,3,1
Priya Desai,DOC2272,Dr. Varsha Gupta,131,7,0,1
Priya Desai,DOC2273,Dr. Dinesh Gupta,0,0,0,0
Priya Desai,DOC2274,Dr. Madhuri Gupta,7,0,0,0
Priya Desai,DOC2275,Dr. Pradeep Gupta,1,0,0,0
Priya Desai,DOC2276,Dr. Seema Gupta,1,0,0,0
Priya Desai,DOC2277,Dr. Ashok Gupta,4,0,1,1
Priya Desai,DOC2278,Dr. Vandana Gupta,5,0,1,1
Priya Desai,DOC2279,Dr. Pramod Gupta,4,1,0,1
Priya Desai,DOC2280,Dr. Chhaya Gupta,20,0,1,1
Priya Desai,DOC2281,Dr. Vijay Gupta,3,0,3,1
Priya Desai,DOC2282,Dr. Shobha Gupta,1,0,0,0
Priya Desai,DOC2283,Dr. Anil Gupta,0,0,0,0
Priya Desai,DOC2284,Dr. Sushma Gupta,0,0,0,0
Priya Desai,DOC2285,Dr. Mohan Gupta,0,0,0,0
Priya Desai,DOC2286,Dr. Radha Gupta,1,0,2,2
Priya Desai,DOC2287,Dr. Suresh Gupta,1,0,1,1
Priya Desai,DOC2288,Dr. Usha Gupta,1,0,2,2
Priya Desai,DOC2289,Dr. Rahul Gupta,10,10,0,1
Priya Desai,DOC2290,Dr. Sneha Gupta,18,18,0,1
Priya Desai,DOC2291,Dr. Amit Gupta,1,1,0,1
Rahul Patil,DOC2292,Dr. Divya Gupta,49,0,7,2
Rahul Patil,DOC2293,Dr. Rohit Gupta,9,0,6,2
Rahul Patil,DOC2294,Dr. Priya Gupta,503,0,5,1
Rahul Patil,DOC2295,Dr. Kiran Gupta,7,0,6,2
Rahul Patil,DOC2296,Dr. Neha Gupta,8,0,1,1
Rahul Patil,DOC2297,Dr. Sachin Gupta,50,0,6,1
Rahul Patil,DOC2298,Dr. Pallavi Gupta,0,0,7,1
Rahul Patil,DOC2299,Dr. Vishal Gupta,0,0,1,1
Rahul Patil,DOC2300,Dr. Shruti Gupta,2,0,11,1
Rahul Patil,DOC2301,Dr. Nilesh Gupta,7,0,1,1
Rahul Patil,DOC2302,Dr. Manisha Gupta,2,0,6,2
Rahul Patil,DOC2303,Dr. Sandip Gupta,332,0,1,1
Rahul Patil,DOC2304,Dr. Rashmi Gupta,0,0,1,1
Rahul Patil,DOC2305,Dr. Pradip Gupta,0,0,13,2
Rahul Patil,DOC2306,Dr. Sunanda Gupta,5,0,1,1
Rahul Patil,DOC2307,Dr. Hemant Gupta,70,0,2,1
Rahul Patil,DOC2308,Dr. Vaishali Gupta,91,0,5,1
Rahul Patil,DOC2309,Dr. Girish Gupta,149,0,8,2
Rahul Patil,DOC2310,Dr. Sonal Gupta,197,0,9,1
Rahul Patil,DOC2311,Dr. Tushar Gupta,0,0,6,2
Rahul Patil,DOC2312,Dr. Mugdha Gupta,5,0,8,1
Rahul Patil,DOC2313,Dr. Shekhar Gupta,1382,0,14,2
Rahul Patil,DOC2314,Dr. Aparna Gupta,5,0,0,0
Rahul Patil,DOC2315,Dr. Devendra Gupta,67,0,9,2
Rahul Patil,DOC2316,Dr. Archana Gupta,2238,0,2,1
Rahul Patil,DOC2317,Dr. Yogesh Gupta,3,0,2,2
Rahul Patil,DOC2318,Dr. Sarita Gupta,0,0,0,0
Rahul Patil,DOC2319,Dr. Milind Gupta,0,0,8,2
Rahul Patil,DOC2320,Dr. Jyoti Gupta,0,0,7,1
Rahul Patil,DOC2321,Dr. Sharad Gupta,95,0,12,2
Rahul Patil,DOC2322,Dr. Shubhangi Gupta,0,0,7,1
Rahul Patil,DOC2323,Dr. Umesh Gupta,513,0,15,2
Rahul Patil,DOC2324,Dr. Bharati Gupta,0,0,2,1
Rahul Patil,DOC2325,Dr. Kedar Gupta,0,0,0,0
Rahul Patil,DOC2326,Dr. Leela Gupta,0,0,8,1
Rahul Patil,DOC2327,Dr. Narendra Gupta,5,0,0,0
Rahul Patil,DOC2328,Dr. Manda Gupta,22,0,24,1
Rahul Patil,DOC2329,Dr. Satish Gupta,0,0,0,0
Rahul Patil,DOC2330,Dr. Sulabha Gupta,0,0,6,1
Rahul Patil,DOC2331,Dr. Ravindra Gupta,10,4,4,1
Rahul Patil,DOC2332,Dr. Nanda Gupta,0,0,5,1
Rahul Patil,DOC2333,Dr. Dilip Gupta,334,0,2,1
Rahul Patil,DOC2334,Dr. Kamala Gupta,0,0,5,1
Rahul Patil,DOC2335,Dr. Madhukar Gupta,0,0,5,1
Rahul Patil,DOC2336,Dr. Sarojini Gupta,0,0,4,2
Rahul Patil,DOC2337,Dr. Bhaskar Gupta,2,0,11,1
Rahul Patil,DOC2338,Dr. Vimala Gupta,0,0,2,1
Rahul Patil,DOC2339,Dr. Chandrakant Gupta,0,0,1,1
Rahul Patil,DOC2340,Dr. Shanta Gupta,0,0,0,0
Rahul Patil,DOC2341,Dr. Dattatray Gupta,37,0,1,1
Rahul Patil,DOC2342,Dr. Savita Gupta,0,0,2,1
Rahul Patil,DOC2343,Dr. Vasant Gupta,0,0,11,1
Rahul Patil,DOC2344,Dr. Hema Gupta,0,0,0,0
Rahul Patil,DOC2345,Dr. Govind Gupta,0,0,1,1
Rahul Patil,DOC2346,Dr. Sindhu Gupta,0,0,0,0
Rahul Patil,DOC2347,Dr. Krishna Gupta,0,0,0,0
Rahul Patil,DOC2348,Dr. Malati Gupta,0,0,0,0
Rahul Patil,DOC2349,Dr. Shivaji Gupta,0,0,1,1
Rahul Patil,DOC2350,Dr. Pushpa Gupta,0,0,0,0
Rahul Patil,DOC2351,Dr. Babasaheb Gupta,0,0,0,0
Rahul Patil,DOC2352,Dr. Sumati Gupta,0,0,0,0
Rahul Patil,DOC2353,Dr. Pandurang Gupta,0,0,0,0
Rahul Patil,DOC2354,Dr. Nirmala Gupta,0,0,0,0
Rahul Patil,DOC2355,Dr. Vitthal Gupta,0,0,0,0
Rahul Patil,DOC2356,Dr. Sakhubai Gupta,0,0,0,0
Rahul Patil,DOC2357,Dr. Tukaram Gupta,0,0,0,0
Rahul Patil,DOC2358,Dr. Rukmini Gupta,0,0,0,0
Rahul Patil,DOC2359,Dr. Namdev Gupta,21,0,0,0
Rahul Patil,DOC2360,Dr. Yamuna Gupta,0,0,0,0
Rahul Patil,DOC2361,Dr. Rajesh Shah,0,0,0,0
Rahul Patil,DOC2362,Dr. Sunita Shah,49,0,0,0
Rahul Patil,DOC2363,Dr. Manoj Shah,175,0,0,0
Rahul Patil,DOC2364,Dr. Anita Shah,42,20,0,1
Rahul Patil,DOC2365,Dr. Deepak Shah,64,0,0,0
Rahul Patil,DOC2366,Dr. Rekha Shah,34,0,0,0
Rahul Patil,DOC2367,Dr. Arun Shah,46,0,1,1
Rahul Patil,DOC2368,Dr. Priti Shah,0,0,0,0
Rahul Patil,DOC2369,Dr. Sanjay Shah,0,0,0,0
Rahul Patil,DOC2370,Dr. Meena Shah,37,2,0,1
Rahul Patil,DOC2371,Dr. Vikram Shah,0,0,0,0
Rahul Patil,DOC2372,Dr. Pooja Shah,7,0,0,0
Rahul Patil,DOC2373,Dr. Ramesh Shah,0,0,0,0
Rahul Patil,DOC2374,Dr. Geeta Shah,0,0,0,0
Rahul Patil,DOC2375,Dr. Nitin Shah,0,0,7,1
Rahul Patil,DOC2376,Dr. Swati Shah,0,0,0,0
Rahul Patil,DOC2377,Dr. Ajay Shah,0,0,1,1
Rahul Patil,DOC2378,Dr. Lata Shah,2,0,1,1
Rahul Patil,DOC2379,Dr. Prakash Shah,0,0,0,0
Rahul Patil,DOC2380,Dr. Alka Shah,45,0,5,1
Rahul Patil,DOC2381,Dr. Sunil Shah,0,0,0,0
Rahul Patil,DOC2382,Dr. Kavita Shah,30,2,7,2
Rahul Patil,DOC2383,Dr. Ravi Shah,0,0,10,1
Rahul Patil,DOC2384,Dr. Smita Shah,0,0,0,0
Rahul Patil,DOC2385,Dr. Mahesh Shah,0,0,1,1
Rahul Patil,DOC2386,Dr. Nisha Shah,126,6,10,1
Rahul Patil,DOC2387,Dr. Ganesh Shah,29,0,0,0
Rahul Patil,DOC2388,Dr. Rohini Shah,0,0,1,1
Rahul Patil,DOC2389,Dr. Vikas Shah,0,0,11,1
Rahul Patil,DOC2390,Dr. Anita Shah,0,0,0,0
Rahul Patil,DOC2391,Dr. Santosh Shah,0,0,0,0
Rahul Patil,DOC2392,Dr. Varsha Shah,0,0,6,2
Rahul Patil,DOC2393,Dr. Dinesh Shah,1,0,0,0
Rahul Patil,DOC2394,Dr. Madhuri Shah,1,0,2,1
Rahul Patil,DOC2395,Dr. Pradeep Shah,0,0,0,0
Rahul Patil,DOC2396,Dr. Seema Shah,0,0,1,1
Rahul Patil,DOC2397,Dr. Ashok Shah,200,6,9,1
Rahul Patil,DOC2398,Dr. Vandana Shah,80,0,13,1
Rahul Patil,DOC2399,Dr. Pramod Shah,0,0,0,0
Rahul Patil,DOC2400,Dr. Chhaya Shah,0,0,0,0
Rahul Patil,DOC2401,Dr. Vijay Shah,0,0,0,0
Rahul Patil,DOC2402,Dr. Shobha Shah,4,2,0,1
Rahul Patil,DOC2403,Dr. Anil Shah,0,0,0,0
Rahul Patil,DOC2404,Dr. Sushma Shah,0,0,0,0
Rahul Patil,DOC2405,Dr. Mohan Shah,0,0,13,2
Rahul Patil,DOC2406,Dr. Radha Shah,0,0,0,0
Rahul Patil,DOC2407,Dr. Suresh Shah,0,0,0,0
Rahul Patil,DOC2408,Dr. Usha Shah,0,0,1,1
Rahul Patil,DOC2409,Dr. Rahul Shah,0,0,0,0
Rahul Patil,DOC2410,Dr. Sneha Shah,0,0,0,0
Rahul Patil,DOC2411,Dr. Amit Shah,0,0,0,0
Rahul Patil,DOC2412,Dr. Divya Shah,0,0,0,0
Rahul Patil,DOC2413,Dr. Rohit Shah,0,0,1,1
Rahul Patil,DOC2414,Dr. Priya Shah,0,0,0,0
Rahul Patil,DOC2415,Dr. Kiran Shah,0,0,0,0
Rahul Patil,DOC2416,Dr. Neha Shah,0,0,0,0
Rahul Patil,DOC2417,Dr. Sachin Shah,10,0,10,1
Rahul Patil,DOC2418,Dr. Pallavi Shah,0,0,0,0
Rahul Patil,DOC2419,Dr. Vishal Shah,0,0,6,1
Rahul Patil,DOC2420,Dr. Shruti Shah,0,0,5,1
Rahul Patil,DOC2421,Dr. Nilesh Shah,0,0,9,1
Rahul Patil,DOC2422,Dr. Manisha Shah,0,0,0,0
Rahul Patil,DOC2423,Dr. Sandip Shah,0,0,0,0
Rahul Patil,DOC2424,Dr. Rashmi Shah,0,0,0,0
Rahul Patil,DOC2425,Dr. Pradip Shah,4,0,0,0
Rahul Patil,DOC2426,Dr. Sunanda Shah,0,0,0,0
Rahul Patil,DOC2427,Dr. Hemant Shah,0,0,0,0
Rahul Patil,DOC2428,Dr. Vaishali Shah,85,0,0,0
Rahul Patil,DOC2429,Dr. Girish Shah,0,0,1,1
Rahul Patil,DOC2430,Dr. Sonal Shah,0,0,0,0
Rahul Patil,DOC2431,Dr. Tushar Shah,0,0,0,0
Rahul Patil,DOC2432,Dr. Mugdha Shah,0,0,1,1
Rahul Patil,DOC2433,Dr. Shekhar Shah,43,4,19,2
Rahul Patil,DOC2434,Dr. Aparna Shah,3,0,5,1
Rahul Patil,DOC2435,Dr. Devendra Shah,0,0,0,0
Rahul Patil,DOC2436,Dr. Archana Shah,0,0,10,1
Rahul Patil,DOC2437,Dr. Yogesh Shah,0,0,0,0
Rahul Patil,DOC2438,Dr. Sarita Shah,0,0,0,0
Rahul Patil,DOC2439,Dr. Milind Shah,0,0,0,0
Rahul Patil,DOC2440,Dr. Jyoti Shah,10,0,0,0
Rahul Patil,DOC2441,Dr. Sharad Shah,0,0,10,1
Rahul Patil,DOC2442,Dr. Shubhangi Shah,0,0,10,1
Rahul Patil,DOC2443,Dr. Umesh Shah,0,0,5,1
Sneha Joshi,DOC2444,Dr. Bharati Shah,72,0,2,1
Sneha Joshi,DOC2445,Dr. Kedar Shah,249,3,13,2
Sneha Joshi,DOC2446,Dr. Leela Shah,30,0,3,2
Sneha Joshi,DOC2447,Dr. Narendra Shah,115,3,3,2
Sneha Joshi,DOC2448,Dr. Manda Shah,1,0,0,0
Sneha Joshi,DOC2449,Dr. Satish Shah,37,0,12,1
Sneha Joshi,DOC2450,Dr. Sulabha Shah,673,30,8,4
Sneha Joshi,DOC2451,Dr. Ravindra Shah,618,0,1,2
Sneha Joshi,DOC2452,Dr. Nanda Shah,66,1,9,3
Sneha Joshi,DOC2453,Dr. Dilip Shah,31,0,7,2
Sneha Joshi,DOC2454,Dr. Kamala Shah,247,0,7,3
Sneha Joshi,DOC2455,Dr. Madhukar Shah,1,0,0,0
Sneha Joshi,DOC2456,Dr. Sarojini Shah,423,25,9,4
Sneha Joshi,DOC2457,Dr. Bhaskar Shah,41,0,10,3
Sneha Joshi,DOC2458,Dr. Vimala Shah,87,0,5,2
Sneha Joshi,DOC2459,Dr. Chandrakant Shah,52,0,7,3
Sneha Joshi,DOC2460,Dr. Shanta Shah,120,0,13,2
Sneha Joshi,DOC2461,Dr. Dattatray Shah,352,11,0,1
Sneha Joshi,DOC2462,Dr. Savita Shah,633,33,1,4
Sneha Joshi,DOC2463,Dr. Vasant Shah,182,0,7,2
Sneha Joshi,DOC2464,Dr. Hema Shah,8,0,0,0
Sneha Joshi,DOC2465,Dr. Govind Shah,3,0,1,1
Sneha Joshi,DOC2466,Dr. Sindhu Shah,432,0,7,2
Sneha Joshi,DOC2467,Dr. Krishna Shah,329,0,5,2
Sneha Joshi,DOC2468,Dr. Malati Shah,38,0,4,2
Sneha Joshi,DOC2469,Dr. Shivaji Shah,434,50,9,3
Sneha Joshi,DOC2470,Dr. Pushpa Shah,32,0,4,2
Sneha Joshi,DOC2471,Dr. Babasaheb Shah,437,0,8,3
Sneha Joshi,DOC2472,Dr. Sumati Shah,100,0,5,2
Sneha Joshi,DOC2473,Dr. Pandurang Shah,7,0,0,0
Sneha Joshi,DOC2474,Dr. Nirmala Shah,91,2,8,3
Sneha Joshi,DOC2475,Dr. Vitthal Shah,0,0,0,0
Sneha Joshi,DOC2476,Dr. Sakhubai Shah,172,2,4,2
Sneha Joshi,DOC2477,Dr. Tukaram Shah,59,0,4,2
Sneha Joshi,DOC2478,Dr. Rukmini Shah,21,0,6,2
Sneha Joshi,DOC2479,Dr. Namdev Shah,1,0,0,0
Sneha Joshi,DOC2480,Dr. Yamuna Shah,27,0,5,2
Sneha Joshi,DOC2481,Dr. Rajesh Joshi,9,0,1,1
Sneha Joshi,DOC2482,Dr. Sunita Joshi,239,0,4,2
Sneha Joshi,DOC2483,Dr. Manoj Joshi,1,0,0,0
Sneha Joshi,DOC2484,Dr. Anita Joshi,0,0,0,0
Sneha Joshi,DOC2485,Dr. Deepak Joshi,41,2,4,1
Sneha Joshi,DOC2486,Dr. Rekha Joshi,11,0,4,2
Sneha Joshi,DOC2487,Dr. Arun Joshi,0,0,0,0
Sneha Joshi,DOC2488,Dr. Priti Joshi,0,0,5,1
Sneha Joshi,DOC2489,Dr. Sanjay Joshi,68,0,5,3
Sneha Joshi,DOC2490,Dr. Meena Joshi,9,0,0,0
Sneha Joshi,DOC2491,Dr. Vikram Joshi,54,0,0,0
Sneha Joshi,DOC2492,Dr. Pooja Joshi,7,0,0,0
Sneha Joshi,DOC2493,Dr. Ramesh Joshi,27,0,1,1
Sneha Joshi,DOC2494,Dr. Geeta Joshi,1,0,0,0
Sneha Joshi,DOC2495,Dr. Nitin Joshi,10,0,0,0
Sneha Joshi,DOC2496,Dr. Swati Joshi,7,0,0,0
Sneha Joshi,DOC2497,Dr. Ajay Joshi,19,0,0,0
Sneha Joshi,DOC2498,Dr. Lata Joshi,0,0,0,0
Sneha Joshi,DOC2499,Dr. Prakash Joshi,0,0,0,0
Sneha Joshi,DOC2500,Dr. Alka Joshi,0,0,0,0
Sneha Joshi,DOC2501,Dr. Sunil Joshi,0,0,0,0
Sneha Joshi,DOC2502,Dr. Kavita Joshi,0,0,0,0
Sneha Joshi,DOC2503,Dr. Ravi Joshi,0,0,1,1
Sneha Joshi,DOC2504,Dr. Smita Joshi,19,0,0,0
Sneha Joshi,DOC2505,Dr. Mahesh Joshi,0,0,0,0
Sneha Joshi,DOC2506,Dr. Nisha Joshi,0,0,0,0
Sneha Joshi,DOC2507,Dr. Ganesh Joshi,1,0,0,0
Sneha Joshi,DOC2508,Dr. Rohini Joshi,0,0,0,0
Sneha Joshi,DOC2509,Dr. Vikas Joshi,0,0,1,1
Sneha Joshi,DOC2510,Dr. Anita Joshi,0,0,0,0
Sneha Joshi,DOC2511,Dr. Santosh Joshi,0,0,0,0
Sneha Joshi,DOC2512,Dr. Varsha Joshi,4,0,0,0
Sneha Joshi,DOC2513,Dr. Dinesh Joshi,0,0,0,0
Sneha Joshi,DOC2514,Dr. Madhuri Joshi,23,13,13,2
Sneha Joshi,DOC2515,Dr. Pradeep Joshi,0,0,0,0
Sneha Joshi,DOC2516,Dr. Seema Joshi,0,0,0,0
Sneha Joshi,DOC2517,Dr. Ashok Joshi,0,0,0,0
Sneha Joshi,DOC2518,Dr. Vandana Joshi,0,0,0,0
Sneha Joshi,DOC2519,Dr. Pramod Joshi,0,0,0,0
Sneha Joshi,DOC2520,Dr. Chhaya Joshi,0,0,0,0
Sneha Joshi,DOC2521,Dr. Vijay Joshi,0,0,0,0
Sneha Joshi,DOC2522,Dr. Shobha Joshi,4,0,0,0
Sneha Joshi,DOC2523,Dr. Anil Joshi,0,0,0,0
Sneha Joshi,DOC2524,Dr. Sushma Joshi,164,0,4,2
Sneha Joshi,DOC2525,Dr. Mohan Joshi,0,0,0,0
Sneha Joshi,DOC2526,Dr. Radha Joshi,0,0,0,0
Sneha Joshi,DOC2527,Dr. Suresh Joshi,14,0,1,1
Sneha Joshi,DOC2528,Dr. Usha Joshi,61,0,14,2
Sneha Joshi,DOC2529,Dr. Rahul Joshi,52,0,5,2
Sneha Joshi,DOC2530,Dr. Sneha Joshi,0,0,0,0
Sneha Joshi,DOC2531,Dr. Amit Joshi,29,0,7,1
Sneha Joshi,DOC2532,Dr. Divya Joshi,1,0,9,1
Sneha Joshi,DOC2533,Dr. Rohit Joshi,95,0,1,1
Sneha Joshi,DOC2534,Dr. Priya Joshi,24,0,2,1
Sneha Joshi,DOC2535,Dr. Kiran Joshi,0,0,0,0
Sneha Joshi,DOC2536,Dr. Neha Joshi,0,0,0,0
Sneha Joshi,DOC2537,Dr. Sachin Joshi,154,0,3,3
Sneha Joshi,DOC2538,Dr. Pallavi Joshi,1,0,0,0
Sneha Joshi,DOC2539,Dr. Vishal Joshi,2,0,1,1
Sneha Joshi,DOC2540,Dr. Shruti Joshi,0,0,0,0
Sneha Joshi,DOC2541,Dr. Nilesh Joshi,0,0,0,0
Sneha Joshi,DOC2542,Dr. Manisha Joshi,0,0,0,0
Sneha Joshi,DOC2543,Dr. Sandip Joshi,0,0,0,0
Sneha Joshi,DOC2544,Dr. Rashmi Joshi,0,0,0,0
Sneha Joshi,DOC2545,Dr. Pradip Joshi,0,0,0,0
Sneha Joshi,DOC2546,Dr. Sunanda Joshi,0,0,0,0
Sneha Joshi,DOC2547,Dr. Hemant Joshi,0,0,0,0
Sneha Joshi,DOC2548,Dr. Vaishali Joshi,0,0,0,0
Sneha Joshi,DOC2549,Dr. Girish Joshi,0,0,0,0
Sneha Joshi,DOC2550,Dr. Sonal Joshi,3,0,5,1
Sneha Joshi,DOC2551,Dr. Tushar Joshi,12,0,4,1
Sneha Joshi,DOC2552,Dr. Mugdha Joshi,0,0,0,0
Sneha Joshi,DOC2553,Dr. Shekhar Joshi,0,0,0,0
Sneha Joshi,DOC2554,Dr. Aparna Joshi,4,0,0,0
Sneha Joshi,DOC2555,Dr. Devendra Joshi,9,0,7,1
Sneha Joshi,DOC2556,Dr. Archana Joshi,0,0,4,1
Sneha Joshi,DOC2557,Dr. Yogesh Joshi,21,0,4,2
Sneha Joshi,DOC2558,Dr. Sarita Joshi,0,0,0,0
Sneha Joshi,DOC2559,Dr. Milind Joshi,0,0,0,0
Sneha Joshi,DOC2560,Dr. Jyoti Joshi,0,0,0,0
Sneha Joshi,DOC2561,Dr. Sharad Joshi,0,0,0,0
Sneha Joshi,DOC2562,Dr. Shubhangi Joshi,0,0,6,2
Sneha Joshi,DOC2563,Dr. Umesh Joshi,0,0,0,0
Sneha Joshi,DOC2564,Dr. Bharati Joshi,0,0,0,0
Sneha Joshi,DOC2565,Dr. Kedar Joshi,861,0,22,1
Sneha Joshi,DOC2566,Dr. Leela Joshi,16,0,0,0
Sneha Joshi,DOC2567,Dr. Narendra Joshi,0,0,0,0
Sneha Joshi,DOC2568,Dr. Manda Joshi,0,0,0,0
Sneha Joshi,DOC2569,Dr. Satish Joshi,0,0,0,0
Sneha Joshi,DOC2570,Dr. Sulabha Joshi,0,0,0,0
Sneha Joshi,DOC2571,Dr. Ravindra Joshi,0,0,1,1
Sneha Joshi,DOC2572,Dr. Nanda Joshi,0,0,0,0
Sneha Joshi,DOC2573,Dr. Dilip Joshi,0,0,0,0
Sneha Joshi,DOC2574,Dr. Kamala Joshi,0,0,0,0
Sneha Joshi,DOC2575,Dr. Madhukar Joshi,0,0,0,0
Sneha Joshi,DOC2576,Dr. Sarojini Joshi,0,0,0,0
Sneha Joshi,DOC2577,Dr. Bhaskar Joshi,11,2,8,1
Sneha Joshi,DOC2578,Dr. Vimala Joshi,93,17,5,2
Sneha Joshi,DOC2579,Dr. Chandrakant Joshi,4,0,5,2
Sneha Joshi,DOC2580,Dr. Shanta Joshi,0,0,0,0
Sneha Joshi,DOC2581,Dr. Dattatray Joshi,0,0,1,1
Sneha Joshi,DOC2582,Dr. Savita Joshi,0,0,1,1
Vikram Singh,DOC2583,Dr. Vasant Joshi,89,4,0,2
Vikram Singh,DOC2584,Dr. Hema Joshi,110,12,15,4
Vikram Singh,DOC2585,Dr. Govind Joshi,69,0,0,0
Vikram Singh,DOC2586,Dr. Sindhu Joshi,4,0,5,2
Vikram Singh,DOC2587,Dr. Krishna Joshi,41,6,3,2
Vikram Singh,DOC2588,Dr. Malati Joshi,366,26,3,4
Vikram Singh,DOC2589,Dr. Shivaji Joshi,2,0,4,2
Vikram Singh,DOC2590,Dr. Pushpa Joshi,0,0,3,1
Vikram Singh,DOC2591,Dr. Babasaheb Joshi,106,14,27,4
Vikram Singh,DOC2592,Dr. Sumati Joshi,0,0,2,2
Vikram Singh,DOC2593,Dr. Pandurang Joshi,20,7,3,1
Vikram Singh,DOC2594,Dr. Nirmala Joshi,0,0,2,1
Vikram Singh,DOC2595,Dr. Vitthal Joshi,48,0,3,2
Vikram Singh,DOC2596,Dr. Sakhubai Joshi,0,0,2,1
Vikram Singh,DOC2597,Dr. Tukaram Joshi,2,0,0,0
Vikram Singh,DOC2598,Dr. Rukmini Joshi,0,0,3,1
Vikram Singh,DOC2599,Dr. Namdev Joshi,165,31,2,4
Vikram Singh,DOC2600,Dr. Yamuna Joshi,0,0,1,1
Vikram Singh,DOC2601,Dr. Rajesh Nair,219,2,0,1
Vikram Singh,DOC2602,Dr. Sunita Nair,108,13,6,2
Vikram Singh,DOC2603,Dr. Manoj Nair,0,0,0,0
Vikram Singh,DOC2604,Dr. Anita Nair,42,1,2,1
Vikram Singh,DOC2605,Dr. Deepak Nair,0,0,4,2
Vikram Singh,DOC2606,Dr. Rekha Nair,166,3,2,2
Vikram Singh,DOC2607,Dr. Arun Nair,0,0,0,0
Vikram Singh,DOC2608,Dr. Priti Nair,12,0,1,1
Vikram Singh,DOC2609,Dr. Sanjay Nair,149,0,0,0
Vikram Singh,DOC2610,Dr. Meena Nair,124,9,20,3
Vikram Singh,DOC2611,Dr. Vikram Nair,80,20,21,2
Vikram Singh,DOC2612,Dr. Pooja Nair,0,0,3,1
Vikram Singh,DOC2613,Dr. Ramesh Nair,0,0,0,0
Vikram Singh,DOC2614,Dr. Geeta Nair,1,0,0,0
Vikram Singh,DOC2615,Dr. Nitin Nair,0,0,3,1
Vikram Singh,DOC2616,Dr. Swati Nair,9,0,2,1
Vikram Singh,DOC2617,Dr. Ajay Nair,5,5,0,1
Vikram Singh,DOC2618,Dr. Lata Nair,87,3,4,3
Vikram Singh,DOC2619,Dr. Prakash Nair,0,0,0,0
Vikram Singh,DOC2620,Dr. Alka Nair,0,0,1,1
Vikram Singh,DOC2621,Dr. Sunil Nair,0,0,6,2
Vikram Singh,DOC2622,Dr. Kavita Nair,10,0,0,0
Vikram Singh,DOC2623,Dr. Ravi Nair,50,0,0,0
Vikram Singh,DOC2624,Dr. Smita Nair,0,0,0,0
Vikram Singh,DOC2625,Dr. Mahesh Nair,92,10,7,3
Vikram Singh,DOC2626,Dr. Nisha Nair,1,0,0,0
Vikram Singh,DOC2627,Dr. Ganesh Nair,0,0,1,1
Vikram Singh,DOC2628,Dr. Rohini Nair,0,0,0,0
Vikram Singh,DOC2629,Dr. Vikas Nair,0,0,0,0
Vikram Singh,DOC2630,Dr. Anita Nair,0,0,0,0
Vikram Singh,DOC2631,Dr. Santosh Nair,0,0,0,0
Vikram Singh,DOC2632,Dr. Varsha Nair,0,0,0,0
Vikram Singh,DOC2633,Dr. Dinesh Nair,0,0,7,1
Vikram Singh,DOC2634,Dr. Madhuri Nair,14,0,0,0
Vikram Singh,DOC2635,Dr. Pradeep Nair,0,0,0,0
Vikram Singh,DOC2636,Dr. Seema Nair,0,0,0,0
Vikram Singh,DOC2637,Dr. Ashok Nair,0,0,0,0
Vikram Singh,DOC2638,Dr. Vandana Nair,0,0,0,0
Vikram Singh,DOC2639,Dr. Pramod Nair,0,0,0,0
Vikram Singh,DOC2640,Dr. Chhaya Nair,0,0,0,0
Vikram Singh,DOC2641,Dr. Vijay Nair,0,0,0,0
Vikram Singh,DOC2642,Dr. Shobha Nair,0,0,0,0
Vikram Singh,DOC2643,Dr. Anil Nair,0,0,0,0
Vikram Singh,DOC2644,Dr. Sushma Nair,12,2,1,2
Vikram Singh,DOC2645,Dr. Mohan Nair,0,0,0,0
Vikram Singh,DOC2646,Dr. Radha Nair,0,0,0,0
Vikram Singh,DOC2647,Dr. Suresh Nair,0,0,0,0
Vikram Singh,DOC2648,Dr. Usha Nair,0,0,2,1
Vikram Singh,DOC2649,Dr. Rahul Nair,0,0,4,1
Vikram Singh,DOC2650,Dr. Sneha Nair,0,0,0,0
Vikram Singh,DOC2651,Dr. Amit Nair,0,0,1,1
Vikram Singh,DOC2652,Dr. Divya Nair,0,0,0,0
Vikram Singh,DOC2653,Dr. Rohit Nair,0,0,0,0
Vikram Singh,DOC2654,Dr. Priya Nair,1,0,0,0
Vikram Singh,DOC2655,Dr. Kiran Nair,1,0,0,0
Vikram Singh,DOC2656,Dr. Neha Nair,5,0,0,0
Vikram Singh,DOC2657,Dr. Sachin Nair,31,0,5,1
Vikram Singh,DOC2658,Dr. Pallavi Nair,0,0,0,0
Vikram Singh,DOC2659,Dr. Vishal Nair,37,0,0,0
Vikram Singh,DOC2660,Dr. Shruti Nair,0,0,0,0
Vikram Singh,DOC2661,Dr. Nilesh Nair,0,0,0,0
Vikram Singh,DOC2662,Dr. Manisha Nair,0,0,0,0
Vikram Singh,DOC2663,Dr. Sandip Nair,0,0,0,0
Vikram Singh,DOC2664,Dr. Rashmi Nair,53,4,1,3
Vikram Singh,DOC2665,Dr. Pradip Nair,0,0,0,0
Vikram Singh,DOC2666,Dr. Sunanda Nair,0,0,0,0
Vikram Singh,DOC2667,Dr. Hemant Nair,0,0,0,0
Vikram Singh,DOC2668,Dr. Vaishali Nair,0,0,0,0
Vikram Singh,DOC2669,Dr. Girish Nair,0,0,0,0
Vikram Singh,DOC2670,Dr. Sonal Nair,0,0,0,0
Vikram Singh,DOC2671,Dr. Tushar Nair,0,0,0,0
Vikram Singh,DOC2672,Dr. Mugdha Nair,0,0,0,0
Vikram Singh,DOC2673,Dr. Shekhar Nair,0,0,5,1
Vikram Singh,DOC2674,Dr. Aparna Nair,0,0,0,0
Vikram Singh,DOC2675,Dr. Devendra Nair,0,0,0,0
Vikram Singh,DOC2676,Dr. Archana Nair,0,0,0,0
Vikram Singh,DOC2677,Dr. Yogesh Nair,6,0,0,0
Vikram Singh,DOC2678,Dr. Sarita Nair,32,2,18,3
Vikram Singh,DOC2679,Dr. Milind Nair,33,11,0,1
Vikram Singh,DOC2680,Dr. Jyoti Nair,0,0,8,2
Vikram Singh,DOC2681,Dr. Sharad Nair,0,0,0,0
Vikram Singh,DOC2682,Dr. Shubhangi Nair,0,0,0,0
Vikram Singh,DOC2683,Dr. Umesh Nair,0,0,0,0
Vikram Singh,DOC2684,Dr. Bharati Nair,0,0,0,0
Vikram Singh,DOC2685,Dr. Kedar Nair,4,0,0,0
Vikram Singh,DOC2686,Dr. Leela Nair,0,0,0,0
Vikram Singh,DOC2687,Dr. Narendra Nair,0,0,1,1
Vikram Singh,DOC2688,Dr. Manda Nair,0,0,0,0
Vikram Singh,DOC2689,Dr. Satish Nair,0,0,0,0
Vikram Singh,DOC2690,Dr. Sulabha Nair,0,0,0,0
Vikram Singh,DOC2691,Dr. Ravindra Nair,0,0,0,0
Vikram Singh,DOC2692,Dr. Nanda Nair,0,0,0,0
Vikram Singh,DOC2693,Dr. Dilip Nair,0,0,0,0
Vikram Singh,DOC2694,Dr. Kamala Nair,2,0,3,1
Vikram Singh,DOC2695,Dr. Madhukar Nair,1,1,5,1
Vikram Singh,DOC2696,Dr. Sarojini Nair,0,0,0,0
Vikram Singh,DOC2697,Dr. Bhaskar Nair,2,0,8,2
Vikram Singh,DOC2698,Dr. Vimala Nair,6,0,2,1
Vikram Singh,DOC2699,Dr. Chandrakant Nair,31,2,5,2
Vikram Singh,DOC2700,Dr. Shanta Nair,67,9,10,2
Vikram Singh,DOC2701,Dr. Dattatray Nair,0,0,0,0
Vikram Singh,DOC2702,Dr. Savita Nair,0,0,0,0
Vikram Singh,DOC2703,Dr. Vasant Nair,0,0,3,1
Vikram Singh,DOC2704,Dr. Hema Nair,0,0,0,0
Vikram Singh,DOC2705,Dr. Govind Nair,0,0,0,0
Vikram Singh,DOC2706,Dr. Sindhu Nair,0,0,0,0
Vikram Singh,DOC2707,Dr. Krishna Nair,0,0,0,0
Vikram Singh,DOC2708,Dr. Malati Nair,0,0,0,0
Vikram Singh,DOC2709,Dr. Shivaji Nair,0,0,0,0
Vikram Singh,DOC2710,Dr. Pushpa Nair,0,0,0,0
Vikram Singh,DOC2711,Dr. Babasaheb Nair,0,0,3,1
Vikram Singh,DOC2712,Dr. Sumati Nair,87,46,7,4
Vikram Singh,DOC2713,Dr. Pandurang Nair,0,0,0,0
Vikram Singh,DOC2714,Dr. Nirmala Nair,0,0,0,0
Vikram Singh,DOC2715,Dr. Vitthal Nair,0,0,0,0
Vikram Singh,DOC2716,Dr. Sakhubai Nair,0,0,0,0
Vikram Singh,DOC2717,Dr. Tukaram Nair,0,0,0,0
Vikram Singh,DOC2718,Dr. Rukmini Nair,0,0,0,0
Vikram Singh,DOC2719,Dr. Namdev Nair,20,0,2,1
Vikram Singh,DOC2720,Dr. Yamuna Nair,0,0,0,0
Vikram Singh,DOC2721,Dr. Rajesh Mishra,0,0,0,0
Vikram Singh,DOC2722,Dr. Sunita Mishra,0,0,5,1
Vikram Singh,DOC2723,Dr. Manoj Mishra,0,0,0,0
Vikram Singh,DOC2724,Dr. Anita Mishra,0,0,0,0
Vikram Singh,DOC2725,Dr. Deepak Mishra,0,0,0,0
Vikram Singh,DOC2726,Dr. Rekha Mishra,0,0,3,1
Vikram Singh,DOC2727,Dr. Arun Mishra,197,13,6,3
Vikram Singh,DOC2728,Dr. Priti Mishra,0,0,0,0
Vikram Singh,DOC2729,Dr. Sanjay Mishra,0,0,0,0
Vikram Singh,DOC2730,Dr. Meena Mishra,0,0,0,0
Vikram Singh,DOC2731,Dr. Vikram Mishra,0,0,0,0
Vikram Singh,DOC2732,Dr. Pooja Mishra,37,4,5,2
Vikram Singh,DOC2733,Dr. Ramesh Mishra,0,0,0,0
Vikram Singh,DOC2734,Dr. Geeta Mishra,0,0,0,0
Vikram Singh,DOC2735,Dr. Nitin Mishra,11,0,1,1
Vikram Singh,DOC2736,Dr. Swati Mishra,4,1,2,1
Vikram Singh,DOC2737,Dr. Ajay Mishra,4,0,2,1
Vikram Singh,DOC2738,Dr. Lata Mishra,52,19,2,4
Vikram Singh,DOC2739,Dr. Prakash Mishra,0,0,0,0
Vikram Singh,DOC2740,Dr. Alka Mishra,0,0,1,1
Vikram Singh,DOC2741,Dr. Sunil Mishra,68,11,13,5
Vikram Singh,DOC2742,Dr. Kavita Mishra,0,0,0,0
Vikram Singh,DOC2743,Dr. Ravi Mishra,6,0,0,0
Vikram Singh,DOC2744,Dr. Smita Mishra,0,0,0,0
Vikram Singh,DOC2745,Dr. Mahesh Mishra,0,0,0,0
Vikram Singh,DOC2746,Dr. Nisha Mishra,1,1,3,1
Vikram Singh,DOC2747,Dr. Ganesh Mishra,0,0,3,1
Vikram Singh,DOC2748,Dr. Rohini Mishra,1,1,2,2
Vikram Singh,DOC2749,Dr. Vikas Mishra,10,0,2,1
Vikram Singh,DOC2750,Dr. Anita Mishra,0,0,5,2
Vikram Singh,DOC2751,Dr. Santosh Mishra,19,7,2,3
Vikram Singh,DOC2752,Dr. Varsha Mishra,0,0,1,1
Vikram Singh,DOC2753,Dr. Dinesh Mishra,5,0,0,0
Vikram Singh,DOC2754,Dr. Madhuri Mishra,0,0,5,1
Vikram Singh,DOC2755,Dr. Pradeep Mishra,7,0,1,1
Vikram Singh,DOC2756,Dr. Seema Mishra,1,0,9,1
Vikram Singh,DOC2757,Dr. Ashok Mishra,0,0,2,1
Vikram Singh,DOC2758,Dr. Vandana Mishra,0,0,5,1
Vikram Singh,DOC2759,Dr. Pramod Mishra,0,0,2,1
Vikram Singh,DOC2760,Dr. Chhaya Mishra,35,35,3,2
Vikram Singh,DOC2761,Dr. Vijay Mishra,2,2,2,1
Pooja Mehta,DOC2762,Dr. Shobha Mishra,20,0,3,1
Pooja Mehta,DOC2763,Dr. Anil Mishra,72,0,0,0
Pooja Mehta,DOC2764,Dr. Sushma Mishra,0,0,0,0
Pooja Mehta,DOC2765,Dr. Mohan Mishra,62,0,12,1
Pooja Mehta,DOC2766,Dr. Radha Mishra,40,10,0,1
Pooja Mehta,DOC2767,Dr. Suresh Mishra,91,0,8,1
Pooja Mehta,DOC2768,Dr. Usha Mishra,20,20,3,1
Pooja Mehta,DOC2769,Dr. Rahul Mishra,0,0,0,0
Pooja Mehta,DOC2770,Dr. Sneha Mishra,18,0,15,2
Pooja Mehta,DOC2771,Dr. Amit Mishra,11,0,9,2
Pooja Mehta,DOC2772,Dr. Divya Mishra,0,0,0,0
Pooja Mehta,DOC2773,Dr. Rohit Mishra,290,0,9,1
Pooja Mehta,DOC2774,Dr. Priya Mishra,0,0,3,1
Pooja Mehta,DOC2775,Dr. Kiran Mishra,0,0,7,1
Pooja Mehta,DOC2776,Dr. Neha Mishra,2,0,10,2
Pooja Mehta,DOC2777,Dr. Sachin Mishra,74,0,13,1
Pooja Mehta,DOC2778,Dr. Pallavi Mishra,0,0,12,1
Pooja Mehta,DOC2779,Dr. Vishal Mishra,115,0,2,1
Pooja Mehta,DOC2780,Dr. Shruti Mishra,27,0,14,2
Pooja Mehta,DOC2781,Dr. Nilesh Mishra,5,0,0,0
Pooja Mehta,DOC2782,Dr. Manisha Mishra,0,0,0,0
Pooja Mehta,DOC2783,Dr. Sandip Mishra,0,0,0,0
Pooja Mehta,DOC2784,Dr. Rashmi Mishra,68,0,3,1
Pooja Mehta,DOC2785,Dr. Pradip Mishra,0,0,0,0
Pooja Mehta,DOC2786,Dr. Sunanda Mishra,39,0,0,0
Pooja Mehta,DOC2787,Dr. Hemant Mishra,101,0,6,1
Pooja Mehta,DOC2788,Dr. Vaishali Mishra,0,0,0,0
Pooja Mehta,DOC2789,Dr. Girish Mishra,0,0,0,0
Pooja Mehta,DOC2790,Dr. Sonal Mishra,0,0,0,0
Pooja Mehta,DOC2791,Dr. Tushar Mishra,20,0,0,0
Pooja Mehta,DOC2792,Dr. Mugdha Mishra,14,0,3,1
Pooja Mehta,DOC2793,Dr. Shekhar Mishra,0,0,0,0
Pooja Mehta,DOC2794,Dr. Aparna Mishra,0,0,0,0
Pooja Mehta,DOC2795,Dr. Devendra Mishra,0,0,0,0
Pooja Mehta,DOC2796,Dr. Archana Mishra,0,0,0,0
Pooja Mehta,DOC2797,Dr. Yogesh Mishra,8,0,0,0
Pooja Mehta,DOC2798,Dr. Sarita Mishra,0,0,0,0
Pooja Mehta,DOC2799,Dr. Milind Mishra,0,0,0,0
Pooja Mehta,DOC2800,Dr. Jyoti Mishra,85,0,4,1
Pooja Mehta,DOC2801,Dr. Sharad Mishra,0,0,0,0
Pooja Mehta,DOC2802,Dr. Shubhangi Mishra,0,0,0,0
Pooja Mehta,DOC2803,Dr. Umesh Mishra,0,0,0,0
Pooja Mehta,DOC2804,Dr. Bharati Mishra,0,0,0,0
Pooja Mehta,DOC2805,Dr. Kedar Mishra,0,0,0,0
Pooja Mehta,DOC2806,Dr. Leela Mishra,0,0,0,0
Pooja Mehta,DOC2807,Dr. Narendra Mishra,0,0,0,0
Pooja Mehta,DOC2808,Dr. Manda Mishra,0,0,0,0
Pooja Mehta,DOC2809,Dr. Satish Mishra,0,0,0,0
Pooja Mehta,DOC2810,Dr. Sulabha Mishra,6,1,3,1
Pooja Mehta,DOC2811,Dr. Ravindra Mishra,0,0,0,0
Pooja Mehta,DOC2812,Dr. Nanda Mishra,0,0,0,0
Pooja Mehta,DOC2813,Dr. Dilip Mishra,0,0,0,0
Pooja Mehta,DOC2814,Dr. Kamala Mishra,0,0,0,0
Pooja Mehta,DOC2815,Dr. Madhukar Mishra,0,0,0,0
Pooja Mehta,DOC2816,Dr. Sarojini Mishra,0,0,0,0
Pooja Mehta,DOC2817,Dr. Bhaskar Mishra,0,0,0,0
Pooja Mehta,DOC2818,Dr. Vimala Mishra,0,0,0,0
Pooja Mehta,DOC2819,Dr. Chandrakant Mishra,0,0,0,0
Pooja Mehta,DOC2820,Dr. Shanta Mishra,0,0,0,0
Pooja Mehta,DOC2821,Dr. Dattatray Mishra,3,0,0,0
Pooja Mehta,DOC2822,Dr. Savita Mishra,0,0,0,0
Pooja Mehta,DOC2823,Dr. Vasant Mishra,0,0,0,0
Pooja Mehta,DOC2824,Dr. Hema Mishra,4,0,0,0
Pooja Mehta,DOC2825,Dr. Govind Mishra,0,0,0,0
Pooja Mehta,DOC2826,Dr. Sindhu Mishra,0,0,0,0
Pooja Mehta,DOC2827,Dr. Krishna Mishra,13,0,6,3
Pooja Mehta,DOC2828,Dr. Malati Mishra,15,0,10,1
Pooja Mehta,DOC2829,Dr. Shivaji Mishra,0,0,0,0
Pooja Mehta,DOC2830,Dr. Pushpa Mishra,0,0,0,0
Pooja Mehta,DOC2831,Dr. Babasaheb Mishra,0,0,0,0
Pooja Mehta,DOC2832,Dr. Sumati Mishra,109,0,3,1
Pooja Mehta,DOC2833,Dr. Pandurang Mishra,0,0,0,0
Pooja Mehta,DOC2834,Dr. Nirmala Mishra,0,0,0,0
Pooja Mehta,DOC2835,Dr. Vitthal Mishra,55,0,11,1
Pooja Mehta,DOC2836,Dr. Sakhubai Mishra,0,0,0,0
Pooja Mehta,DOC2837,Dr. Tukaram Mishra,22,0,0,0
Pooja Mehta,DOC2838,Dr. Rukmini Mishra,6,0,0,0
Pooja Mehta,DOC2839,Dr. Namdev Mishra,0,0,0,0
Pooja Mehta,DOC2840,Dr. Yamuna Mishra,47,0,21,1
Pooja Mehta,DOC2841,Dr. Rajesh Desai,0,0,0,0
Pooja Mehta,DOC2842,Dr. Sunita Desai,0,0,0,0
Pooja Mehta,DOC2843,Dr. Manoj Desai,2,0,0,0
Pooja Mehta,DOC2844,Dr. Anita Desai,0,0,0,0
Pooja Mehta,DOC2845,Dr. Deepak Desai,0,0,5,1
Pooja Mehta,DOC2846,Dr. Rekha Desai,0,0,7,1
Pooja Mehta,DOC2847,Dr. Arun Desai,0,0,0,0
Pooja Mehta,DOC2848,Dr. Priti Desai,0,0,16,2
Pooja Mehta,DOC2849,Dr. Sanjay Desai,182,0,7,2
Pooja Mehta,DOC2850,Dr. Meena Desai,23,0,5,2
Pooja Mehta,DOC2851,Dr. Vikram Desai,0,0,0,0
Pooja Mehta,DOC2852,Dr. Pooja Desai,0,0,0,0
Pooja Mehta,DOC2853,Dr. Ramesh Desai,0,0,11,1
Pooja Mehta,DOC2854,Dr. Geeta Desai,0,0,0,0
Pooja Mehta,DOC2855,Dr. Nitin Desai,0,0,7,1
Pooja Mehta,DOC2856,Dr. Swati Desai,16,0,12,1
Pooja Mehta,DOC2857,Dr. Ajay Desai,0,0,6,1
Pooja Mehta,DOC2858,Dr. Lata Desai,0,0,0,0
Pooja Mehta,DOC2859,Dr. Prakash Desai,0,0,0,0
Pooja Mehta,DOC2860,Dr. Alka Desai,0,0,0,0
Pooja Mehta,DOC2861,Dr. Sunil Desai,0,0,0,0
Pooja Mehta,DOC2862,Dr. Kavita Desai,0,0,0,0
Pooja Mehta,DOC2863,Dr. Ravi Desai,5,5,3,1
Pooja Mehta,DOC2864,Dr. Smita Desai,0,0,15,1
Pooja Mehta,DOC2865,Dr. Mahesh Desai,0,0,0,0
Pooja Mehta,DOC2866,Dr. Nisha Desai,8,0,0,0
Pooja Mehta,DOC2867,Dr. Ganesh Desai,54,0,0,0
Pooja Mehta,DOC2868,Dr. Rohini Desai,0,0,0,0
Pooja Mehta,DOC2869,Dr. Vikas Desai,0,0,11,1
Pooja Mehta,DOC2870,Dr. Anita Desai,0,0,13,1
Pooja Mehta,DOC2871,Dr. Santosh Desai,0,0,8,2
Pooja Mehta,DOC2872,Dr. Varsha Desai,0,0,16,2
Pooja Mehta,DOC2873,Dr. Dinesh Desai,0,0,0,0
Pooja Mehta,DOC2874,Dr. Madhuri Desai,98,0,0,0
Pooja Mehta,DOC2875,Dr. Pradeep Desai,0,0,0,0
Pooja Mehta,DOC2876,Dr. Seema Desai,0,0,0,0
Pooja Mehta,DOC2877,Dr. Ashok Desai,0,0,11,1
Pooja Mehta,DOC2878,Dr. Vandana Desai,0,0,0,0
Pooja Mehta,DOC2879,Dr. Pramod Desai,0,0,0,0
Pooja Mehta,DOC2880,Dr. Chhaya Desai,0,0,8,1
Pooja Mehta,DOC2881,Dr. Vijay Desai,72,0,0,0
Pooja Mehta,DOC2882,Dr. Shobha Desai,38,0,0,0
Pooja Mehta,DOC2883,Dr. Anil Desai,0,0,0,0
Pooja Mehta,DOC2884,Dr. Sushma Desai,2,0,0,0
Pooja Mehta,DOC2885,Dr. Mohan Desai,0,0,5,1
Pooja Mehta,DOC2886,Dr. Radha Desai,39,4,15,2
Pooja Mehta,DOC2887,Dr. Suresh Desai,0,0,6,1
Pooja Mehta,DOC2888,Dr. Usha Desai,0,0,0,0
Pooja Mehta,DOC2889,Dr. Rahul Desai,0,0,0,0
Pooja Mehta,DOC2890,Dr. Sneha Desai,0,0,0,0
Pooja Mehta,DOC2891,Dr. Amit Desai,0,0,0,0
Pooja Mehta,DOC2892,Dr. Divya Desai,0,0,0,0
Pooja Mehta,DOC2893,Dr. Rohit Desai,4,0,0,0
Pooja Mehta,DOC2894,Dr. Priya Desai,56,0,6,1
Pooja Mehta,DOC2895,Dr. Kiran Desai,49,0,0,0
Pooja Mehta,DOC2896,Dr. Neha Desai,0,0,0,0
Pooja Mehta,DOC2897,Dr. Sachin Desai,10,0,0,0
Pooja Mehta,DOC2898,Dr. Pallavi Desai,0,0,12,1
Pooja Mehta,DOC2899,Dr. Vishal Desai,2,0,6,1
Pooja Mehta,DOC2900,Dr. Shruti Desai,35,9,5,1
Pooja Mehta,DOC2901,Dr. Nilesh Desai,0,0,0,0
Pooja Mehta,DOC2902,Dr. Manisha Desai,0,0,0,0
Pooja Mehta,DOC2903,Dr. Sandip Desai,0,0,0,0
Pooja Mehta,DOC2904,Dr. Rashmi Desai,0,0,0,0
Pooja Mehta,DOC2905,Dr. Pradip Desai,0,0,0,0
Pooja Mehta,DOC2906,Dr. Sunanda Desai,2,0,7,1
Pooja Mehta,DOC2907,Dr. Hemant Desai,0,0,0,0
Pooja Mehta,DOC2908,Dr. Vaishali Desai,0,0,0,0
Pooja Mehta,DOC2909,Dr. Girish Desai,0,0,0,0
Pooja Mehta,DOC2910,Dr. Sonal Desai,0,0,0,0
Pooja Mehta,DOC2911,Dr. Tushar Desai,0,0,0,0
Pooja Mehta,DOC2912,Dr. Mugdha Desai,13,0,0,0
Pooja Mehta,DOC2913,Dr. Shekhar Desai,3,0,0,0
Pooja Mehta,DOC2914,Dr. Aparna Desai,0,0,0,0
Pooja Mehta,DOC2915,Dr. Devendra Desai,0,0,9,1
Pooja Mehta,DOC2916,Dr. Archana Desai,0,0,0,0
Pooja Mehta,DOC2917,Dr. Yogesh Desai,0,0,0,0
Pooja Mehta,DOC2918,Dr. Sarita Desai,0,0,0,0
Pooja Mehta,DOC2919,Dr. Milind Desai,0,0,0,0
Pooja Mehta,DOC2920,Dr. Jyoti Desai,0,0,0,0
Pooja Mehta,DOC2921,Dr. Sharad Desai,0,0,0,0
Pooja Mehta,DOC2922,Dr. Shubhangi Desai,0,0,0,0
Pooja Mehta,DOC2923,Dr. Umesh Desai,20,0,0,0
Pooja Mehta,DOC2924,Dr. Bharati Desai,0,0,0,0
Pooja Mehta,DOC2925,Dr. Kedar Desai,0,0,0,0
Pooja Mehta,DOC2926,Dr. Leela Desai,0,0,0,0
Pooja Mehta,DOC2927,Dr. Narendra Desai,0,0,3,1
Pooja Mehta,DOC2928,Dr. Manda Desai,0,0,0,0
Pooja Mehta,DOC2929,Dr. Satish Desai,0,0,0,0
Pooja Mehta,DOC2930,Dr. Sulabha Desai,0,0,0,0
Pooja Mehta,DOC2931,Dr. Ravindra Desai,0,0,0,0
Pooja Mehta,DOC2932,Dr. Nanda Desai,0,0,5,1
Pooja Mehta,DOC2933,Dr. Dilip Desai,0,0,5,1
Pooja Mehta,DOC2934,Dr. Kamala Desai,0,0,0,0
Pooja Mehta,DOC2935,Dr. Madhukar Desai,0,0,0,0
Pooja Mehta,DOC2936,Dr. Sarojini Desai,0,0,0,0
Pooja Mehta,DOC2937,Dr. Bhaskar Desai,0,0,6,2
Pooja Mehta,DOC2938,Dr. Vimala Desai,0,0,5,1
Pooja Mehta,DOC2939,Dr. Chandrakant Desai,10,10,13,1
Pooja Mehta,DOC2940,Dr. Shanta Desai,0,0,9,1
Pooja Mehta,DOC2941,Dr. Dattatray Desai,0,0,0,0
Pooja Mehta,DOC2942,Dr. Savita Desai,0,0,0,0
Rohan Kulkarni,DOC2943,Dr. Vasant Desai,1,0,0,0
Rohan Kulkarni,DOC2944,Dr. Hema Desai,0,0,0,0
Rohan Kulkarni,DOC2945,Dr. Govind Desai,1,0,0,0
Rohan Kulkarni,DOC2946,Dr. Sindhu Desai,0,0,0,0
Rohan Kulkarni,DOC2947,Dr. Krishna Desai,5,0,0,0
Rohan Kulkarni,DOC2948,Dr. Malati Desai,0,0,0,0
Rohan Kulkarni,DOC2949,Dr. Shivaji Desai,1,0,0,0
Rohan Kulkarni,DOC2950,Dr. Pushpa Desai,0,0,0,0
Rohan Kulkarni,DOC2951,Dr. Babasaheb Desai,1,0,0,0
Rohan Kulkarni,DOC2952,Dr. Sumati Desai,0,0,0,0
Rohan Kulkarni,DOC2953,Dr. Pandurang Desai,0,0,0,0
Rohan Kulkarni,DOC2954,Dr. Nirmala Desai,1,0,0,0
Rohan Kulkarni,DOC2955,Dr. Vitthal Desai,14,0,0,0
Rohan Kulkarni,DOC2956,Dr. Sakhubai Desai,0,0,0,0
Rohan Kulkarni,DOC2957,Dr. Tukaram Desai,0,0,0,0
Rohan Kulkarni,DOC2958,Dr. Rukmini Desai,0,0,0,0
Rohan Kulkarni,DOC2959,Dr. Namdev Desai,0,0,0,0
Rohan Kulkarni,DOC2960,Dr. Yamuna Desai,0,0,0,0
Rohan Kulkarni,DOC2961,Dr. Rajesh Rao,0,0,0,0
Rohan Kulkarni,DOC2962,Dr. Sunita Rao,0,0,0,0
Rohan Kulkarni,DOC2963,Dr. Manoj Rao,2,0,0,0
Rohan Kulkarni,DOC2964,Dr. Anita Rao,1,0,0,0
Rohan Kulkarni,DOC2965,Dr. Deepak Rao,2,0,0,0
Rohan Kulkarni,DOC2966,Dr. Rekha Rao,0,0,0,0
Rohan Kulkarni,DOC2967,Dr. Arun Rao,0,0,0,0
Rohan Kulkarni,DOC2968,Dr. Priti Rao,0,0,0,0
Rohan Kulkarni,DOC2969,Dr. Sanjay Rao,0,0,0,0
Rohan Kulkarni,DOC2970,Dr. Meena Rao,0,0,0,0
Rohan Kulkarni,DOC2971,Dr. Vikram Rao,0,0,0,0
Rohan Kulkarni,DOC2972,Dr. Pooja Rao,6,0,0,0
Rohan Kulkarni,DOC2973,Dr. Ramesh Rao,0,0,0,0
Rohan Kulkarni,DOC2974,Dr. Geeta Rao,0,0,0,0
Rohan Kulkarni,DOC2975,Dr. Nitin Rao,0,0,0,0
Rohan Kulkarni,DOC2976,Dr. Swati Rao,0,0,0,0
Rohan Kulkarni,DOC2977,Dr. Ajay Rao,0,0,0,0
Rohan Kulkarni,DOC2978,Dr. Lata Rao,0,0,0,0
Rohan Kulkarni,DOC2979,Dr. Prakash Rao,0,0,0,0
Rohan Kulkarni,DOC2980,Dr. Alka Rao,0,0,0,0
Neha Verma,DOC2981,Dr. Sunil Rao,15,0,1,1
Neha Verma,DOC2982,Dr. Kavita Rao,503,0,2,1
Neha Verma,DOC2983,Dr. Ravi Rao,19,14,2,2
Neha Verma,DOC2984,Dr. Smita Rao,1,0,0,0
Neha Verma,DOC2985,Dr. Mahesh Rao,0,0,0,0
Neha Verma,DOC2986,Dr. Nisha Rao,165,0,0,0
Neha Verma,DOC2987,Dr. Ganesh Rao,280,1,8,3
Neha Verma,DOC2988,Dr. Rohini Rao,0,0,0,0
Neha Verma,DOC2989,Dr. Vikas Rao,10,1,2,1
Neha Verma,DOC2990,Dr. Anita Rao,225,9,5,2
Neha Verma,DOC2991,Dr. Santosh Rao,24,4,9,3
Neha Verma,DOC2992,Dr. Varsha Rao,176,13,3,2
Neha Verma,DOC2993,Dr. Dinesh Rao,52,7,7,1
Neha Verma,DOC2994,Dr. Madhuri Rao,410,112,1,1
Neha Verma,DOC2995,Dr. Pradeep Rao,0,0,0,0
Neha Verma,DOC2996,Dr. Seema Rao,142,0,0,0
Neha Verma,DOC2997,Dr. Ashok Rao,42,2,6,1
Neha Verma,DOC2998,Dr. Vandana Rao,7,0,0,0
Neha Verma,DOC2999,Dr. Pramod Rao,21,0,0,0
Neha Verma,DOC3000,Dr. Chhaya Rao,35,0,1,1
Neha Verma,DOC3001,Dr. Vijay Rao,852,26,4,1
Neha Verma,DOC3002,Dr. Shobha Rao,54,0,2,2
Neha Verma,DOC3003,Dr. Anil Rao,26,0,0,0
Neha Verma,DOC3004,Dr. Sushma Rao,160,0,0,0
Neha Verma,DOC3005,Dr. Mohan Rao,0,0,3,3
Neha Verma,DOC3006,Dr. Radha Rao,44,0,0,0
Neha Verma,DOC3007,Dr. Suresh Rao,31,10,4,3
Neha Verma,DOC3008,Dr. Usha Rao,0,0,0,0
Neha Verma,DOC3009,Dr. Rahul Rao,7,0,0,0
Neha Verma,DOC3010,Dr. Sneha Rao,50,7,1,1
Neha Verma,DOC3011,Dr. Amit Rao,83,5,1,1
Neha Verma,DOC3012,Dr. Divya Rao,21,0,0,0
Neha Verma,DOC3013,Dr. Rohit Rao,0,0,0,0
Neha Verma,DOC3014,Dr. Priya Rao,34,0,0,0
Neha Verma,DOC3015,Dr. Kiran Rao,0,0,0,0
Neha Verma,DOC3016,Dr. Neha Rao,3,0,0,0
Neha Verma,DOC3017,Dr. Sachin Rao,0,0,0,0
Neha Verma,DOC3018,Dr. Pallavi Rao,0,0,0,0
Neha Verma,DOC3019,Dr. Vishal Rao,0,0,0,0
Neha Verma,DOC3020,Dr. Shruti Rao,0,0,0,0
Neha Verma,DOC3021,Dr. Nilesh Rao,0,0,0,0
Neha Verma,DOC3022,Dr. Manisha Rao,0,0,0,0
Neha Verma,DOC3023,Dr. Sandip Rao,0,0,0,0
Neha Verma,DOC3024,Dr. Rashmi Rao,16,0,0,0
Neha Verma,DOC3025,Dr. Pradip Rao,1,0,0,0
Neha Verma,DOC3026,Dr. Sunanda Rao,0,0,0,0
Neha Verma,DOC3027,Dr. Hemant Rao,0,0,0,0
Neha Verma,DOC3028,Dr. Vaishali Rao,17,0,0,0
Neha Verma,DOC3029,Dr. Girish Rao,15,0,0,0
Neha Verma,DOC3030,Dr. Sonal Rao,30,0,5,1
Neha Verma,DOC3031,Dr. Tushar Rao,8,0,0,0
Neha Verma,DOC3032,Dr. Mugdha Rao,5,0,0,0
Neha Verma,DOC3033,Dr. Shekhar Rao,32,0,0,0
Neha Verma,DOC3034,Dr. Aparna Rao,0,0,0,0
Neha Verma,DOC3035,Dr. Devendra Rao,13,0,5,2
Neha Verma,DOC3036,Dr. Archana Rao,58,0,1,1
Neha Verma,DOC3037,Dr. Yogesh Rao,5,0,1,1
Neha Verma,DOC3038,Dr. Sarita Rao,0,0,0,0
Neha Verma,DOC3039,Dr. Milind Rao,0,0,1,1
Neha Verma,DOC3040,Dr. Jyoti Rao,0,0,0,0
Neha Verma,DOC3041,Dr. Sharad Rao,4,0,1,1
Neha Verma,DOC3042,Dr. Shubhangi Rao,0,0,1,1
Neha Verma,DOC3043,Dr. Umesh Rao,20,0,0,0
Neha Verma,DOC3044,Dr. Bharati Rao,0,0,5,1
Neha Verma,DOC3045,Dr. Kedar Rao,0,0,0,0
Neha Verma,DOC3046,Dr. Leela Rao,8,2,5,1
Neha Verma,DOC3047,Dr. Narendra Rao,153,9,4,1
Neha Verma,DOC3048,Dr. Manda Rao,8,0,0,0
Neha Verma,DOC3049,Dr. Satish Rao,0,0,0,0
Neha Verma,DOC3050,Dr. Sulabha Rao,56,0,1,1
Neha Verma,DOC3051,Dr. Ravindra Rao,26,2,4,1
Neha Verma,DOC3052,Dr. Nanda Rao,0,0,2,1
Neha Verma,DOC3053,Dr. Dilip Rao,0,0,0,0
Neha Verma,DOC3054,Dr. Kamala Rao,70,5,3,2
Neha Verma,DOC3055,Dr. Madhukar Rao,0,0,0,0
Neha Verma,DOC3056,Dr. Sarojini Rao,0,0,0,0
Neha Verma,DOC3057,Dr. Bhaskar Rao,0,0,0,0
Neha Verma,DOC3058,Dr. Vimala Rao,0,0,0,0
Neha Verma,DOC3059,Dr. Chandrakant Rao,0,0,0,0
Neha Verma,DOC3060,Dr. Shanta Rao,0,0,0,0
Neha Verma,DOC3061,Dr. Dattatray Rao,49,7,1,1
Neha Verma,DOC3062,Dr. Savita Rao,1,0,0,0
Neha Verma,DOC3063,Dr. Vasant Rao,0,0,0,0
Neha Verma,DOC3064,Dr. Hema Rao,0,0,0,0
Neha Verma,DOC3065,Dr. Govind Rao,0,0,0,0
Neha Verma,DOC3066,Dr. Sindhu Rao,0,0,1,1
Neha Verma,DOC3067,Dr. Krishna Rao,130,0,1,1
Neha Verma,DOC3068,Dr. Malati Rao,0,0,2,2
Neha Verma,DOC3069,Dr. Shivaji Rao,0,0,0,0
Neha Verma,DOC3070,Dr. Pushpa Rao,0,0,0,0
Neha Verma,DOC3071,Dr. Babasaheb Rao,0,0,0,0
Neha Verma,DOC3072,Dr. Sumati Rao,0,0,0,0
Neha Verma,DOC3073,Dr. Pandurang Rao,0,0,0,0
Neha Verma,DOC3074,Dr. Nirmala Rao,0,0,0,0
Neha Verma,DOC3075,Dr. Vitthal Rao,0,0,0,0
Neha Verma,DOC3076,Dr. Sakhubai Rao,0,0,0,0
Neha Verma,DOC3077,Dr. Tukaram Rao,0,0,0,0
Neha Verma,DOC3078,Dr. Rukmini Rao,0,0,0,0
Neha Verma,DOC3079,Dr. Namdev Rao,0,0,0,0
Neha Verma,DOC3080,Dr. Yamuna Rao,0,0,0,0
Neha Verma,DOC3081,Dr. Rajesh Kulkarni,0,0,0,0
Neha Verma,DOC3082,Dr. Sunita Kulkarni,0,0,0,0
Neha Verma,DOC3083,Dr. Manoj Kulkarni,0,0,0,0
Neha Verma,DOC3084,Dr. Anita Kulkarni,0,0,0,0
Neha Verma,DOC3085,Dr. Deepak Kulkarni,0,0,0,0
Neha Verma,DOC3086,Dr. Rekha Kulkarni,0,0,0,0
Neha Verma,DOC3087,Dr. Arun Kulkarni,0,0,0,0
Neha Verma,DOC3088,Dr. Priti Kulkarni,0,0,0,0
Neha Verma,DOC3089,Dr. Sanjay Kulkarni,61,0,0,0
Neha Verma,DOC3090,Dr. Meena Kulkarni,0,0,0,0
Neha Verma,DOC3091,Dr. Vikram Kulkarni,5,0,0,0
Neha Verma,DOC3092,Dr. Pooja Kulkarni,0,0,0,0
Neha Verma,DOC3093,Dr. Ramesh Kulkarni,10,0,0,0
Neha Verma,DOC3094,Dr. Geeta Kulkarni,0,0,0,0
Neha Verma,DOC3095,Dr. Nitin Kulkarni,0,0,0,0
Neha Verma,DOC3096,Dr. Swati Kulkarni,0,0,0,0
Neha Verma,DOC3097,Dr. Ajay Kulkarni,0,0,0,0
Neha Verma,DOC3098,Dr. Lata Kulkarni,5,0,0,0
Neha Verma,DOC3099,Dr. Prakash Kulkarni,187,6,6,1
Neha Verma,DOC3100,Dr. Alka Kulkarni,0,0,0,0
Neha Verma,DOC3101,Dr. Sunil Kulkarni,31,0,6,1
Neha Verma,DOC3102,Dr. Kavita Kulkarni,0,0,0,0
Neha Verma,DOC3103,Dr. Ravi Kulkarni,0,0,0,0
Neha Verma,DOC3104,Dr. Smita Kulkarni,0,0,0,0
Neha Verma,DOC3105,Dr. Mahesh Kulkarni,0,0,0,0
Neha Verma,DOC3106,Dr. Nisha Kulkarni,0,0,0,0
Neha Verma,DOC3107,Dr. Ganesh Kulkarni,86,43,5,1
Neha Verma,DOC3108,Dr. Rohini Kulkarni,0,0,0,0
Neha Verma,DOC3109,Dr. Vikas Kulkarni,0,0,0,0
Neha Verma,DOC3110,Dr. Anita Kulkarni,2,0,0,0
Neha Verma,DOC3111,Dr. Santosh Kulkarni,8,0,0,0
Neha Verma,DOC3112,Dr. Varsha Kulkarni,0,0,0,0
Neha Verma,DOC3113,Dr. Dinesh Kulkarni,155,0,2,1
Neha Verma,DOC3114,Dr. Madhuri Kulkarni,27,0,0,0
Neha Verma,DOC3115,Dr. Pradeep Kulkarni,40,0,0,0
Neha Verma,DOC3116,Dr. Seema Kulkarni,3,3,6,2
Neha Verma,DOC3117,Dr. Ashok Kulkarni,5,0,0,0
Neha Verma,DOC3118,Dr. Vandana Kulkarni,0,0,0,0
Neha Verma,DOC3119,Dr. Pramod Kulkarni,0,0,4,1
Neha Verma,DOC3120,Dr. Chhaya Kulkarni,0,0,0,0
Neha Verma,DOC3121,Dr. Vijay Kulkarni,1,0,0,0
Neha Verma,DOC3122,Dr. Shobha Kulkarni,0,0,0,0
Neha Verma,DOC3123,Dr. Anil Kulkarni,0,0,0,0
Neha Verma,DOC3124,Dr. Sushma Kulkarni,20,0,0,0
Neha Verma,DOC3125,Dr. Mohan Kulkarni,0,0,0,0
Neha Verma,DOC3126,Dr. Radha Kulkarni,0,0,0,0
Neha Verma,DOC3127,Dr. Suresh Kulkarni,0,0,6,1
Neha Verma,DOC3128,Dr. Usha Kulkarni,51,0,5,2
Neha Verma,DOC3129,Dr. Rahul Kulkarni,6,0,0,0
Neha Verma,DOC3130,Dr. Sneha Kulkarni,0,0,0,0
Neha Verma,DOC3131,Dr. Amit Kulkarni,0,0,0,0
Neha Verma,DOC3132,Dr. Divya Kulkarni,6,0,2,1
Neha Verma,DOC3133,Dr. Rohit Kulkarni,0,0,0,0
Neha Verma,DOC3134,Dr. Priya Kulkarni,20,0,5,1
Neha Verma,DOC3135,Dr. Kiran Kulkarni,0,0,0,0
Neha Verma,DOC3136,Dr. Neha Kulkarni,0,0,0,0
Neha Verma,DOC3137,Dr. Sachin Kulkarni,0,0,5,1
Neha Verma,DOC3138,Dr. Pallavi Kulkarni,100,0,2,1
Neha Verma,DOC3139,Dr. Vishal Kulkarni,0,0,0,0
Neha Verma,DOC3140,Dr. Shruti Kulkarni,0,0,0,0
Neha Verma,DOC3141,Dr. Nilesh Kulkarni,0,0,0,0
Neha Verma,DOC3142,Dr. Manisha Kulkarni,0,0,0,0
Neha Verma,DOC3143,Dr. Sandip Kulkarni,0,0,1,1
Neha Verma,DOC3144,Dr. Rashmi Kulkarni,0,0,2,2
Neha Verma,DOC3145,Dr. Pradip Kulkarni,9,0,0,0
Neha Verma,DOC3146,Dr. Sunanda Kulkarni,0,0,0,0
Neha Verma,DOC3147,Dr. Hemant Kulkarni,0,0,0,0
Neha Verma,DOC3148,Dr. Vaishali Kulkarni,0,0,0,0
Neha Verma,DOC3149,Dr. Girish Kulkarni,0,0,0,0
Neha Verma,DOC3150,Dr. Sonal Kulkarni,6,0,1,1
Neha Verma,DOC3151,Dr. Tushar Kulkarni,0,0,0,0
Neha Verma,DOC3152,Dr. Mugdha Kulkarni,0,0,0,0
Neha Verma,DOC3153,Dr. Shekhar Kulkarni,0,0,0,0
Neha Verma,DOC3154,Dr. Aparna Kulkarni,0,0,0,0
Neha Verma,DOC3155,Dr. Devendra Kulkarni,0,0,0,0
Neha Verma,DOC3156,Dr. Archana Kulkarni,0,0,0,0
Neha Verma,DOC3157,Dr. Yogesh Kulkarni,0,0,0,0
Neha Verma,DOC3158,Dr. Sarita Kulkarni,0,0,0,0
Neha Verma,DOC3159,Dr. Milind Kulkarni,0,0,0,0
Neha Verma,DOC3160,Dr. Jyoti Kulkarni,9,0,1,1
Neha Verma,DOC3161,Dr. Sharad Kulkarni,4,0,0,0
Neha Verma,DOC3162,Dr. Shubhangi Kulkarni,0,0,0,0
Neha Verma,DOC3163,Dr. Umesh Kulkarni,0,0,0,0
Neha Verma,DOC3164,Dr. Bharati Kulkarni,0,0,0,0
Neha Verma,DOC3165,Dr. Kedar Kulkarni,46,0,8,3
Neha Verma,DOC3166,Dr. Leela Kulkarni,0,0,5,1
Neha Verma,DOC3167,Dr. Narendra Kulkarni,0,0,1,1
Neha Verma,DOC3168,Dr. Manda Kulkarni,0,0,0,0
Neha Verma,DOC3169,Dr. Satish Kulkarni,0,0,0,0
Neha Verma,DOC3170,Dr. Sulabha Kulkarni,0,0,0,0
Neha Verma,DOC3171,Dr. Ravindra Kulkarni,0,0,0,0
Neha Verma,DOC3172,Dr. Nanda Kulkarni,0,0,0,0
Neha Verma,DOC3173,Dr. Dilip Kulkarni,0,0,0,0
Neha Verma,DOC3174,Dr. Kamala Kulkarni,0,0,0,0
Neha Verma,DOC3175,Dr. Madhukar Kulkarni,0,0,0,0
Neha Verma,DOC3176,Dr. Sarojini Kulkarni,0,0,0,0
Neha Verma,DOC3177,Dr. Bhaskar Kulkarni,0,0,0,0
Neha Verma,DOC3178,Dr. Vimala Kulkarni,0,0,0,0
Neha Verma,DOC3179,Dr. Chandrakant Kulkarni,25,0,0,0
Neha Verma,DOC3180,Dr. Shanta Kulkarni,0,0,0,0
Neha Verma,DOC3181,Dr. Dattatray Kulkarni,0,0,0,0
Neha Verma,DOC3182,Dr. Savita Kulkarni,0,0,0,0
Neha Verma,DOC3183,Dr. Vasant Kulkarni,0,0,0,0
Neha Verma,DOC3184,Dr. Hema Kulkarni,0,0,0,0
Neha Verma,DOC3185,Dr. Govind Kulkarni,0,0,0,0
Neha Verma,DOC3186,Dr. Sindhu Kulkarni,0,0,0,0
Neha Verma,DOC3187,Dr. Krishna Kulkarni,0,0,0,0
Neha Verma,DOC3188,Dr. Malati Kulkarni,0,0,0,0
Neha Verma,DOC3189,Dr. Shivaji Kulkarni,0,0,0,0
Neha Verma,DOC3190,Dr. Pushpa Kulkarni,0,0,0,0
Neha Verma,DOC3191,Dr. Babasaheb Kulkarni,0,0,0,0
Neha Verma,DOC3192,Dr. Sumati Kulkarni,0,0,0,0
Neha Verma,DOC3193,Dr. Pandurang Kulkarni,0,0,0,0
Neha Verma,DOC3194,Dr. Nirmala Kulkarni,0,0,0,0
Neha Verma,DOC3195,Dr. Vitthal Kulkarni,2,2,1,1
Neha Verma,DOC3196,Dr. Sakhubai Kulkarni,0,0,0,0
Neha Verma,DOC3197,Dr. Tukaram Kulkarni,0,0,0,0
Neha Verma,DOC3198,Dr. Rukmini Kulkarni,0,0,0,0
Neha Verma,DOC3199,Dr. Namdev Kulkarni,0,0,0,0
Neha Verma,DOC3200,Dr. Yamuna Kulkarni,265,0,1,1
Neha Verma,DOC3201,Dr. Rajesh Tiwari,0,0,0,0
Neha Verma,DOC3202,Dr. Sunita Tiwari,0,0,0,0
Neha Verma,DOC3203,Dr. Manoj Tiwari,10,0,0,0
Neha Verma,DOC3204,Dr. Anita Tiwari,0,0,0,0
Neha Verma,DOC3205,Dr. Deepak Tiwari,16,0,0,0
Neha Verma,DOC3206,Dr. Rekha Tiwari,0,0,0,0
Neha Verma,DOC3207,Dr. Arun Tiwari,0,0,0,0
Neha Verma,DOC3208,Dr. Priti Tiwari,3,3,5,2
Neha Verma,DOC3209,Dr. Sanjay Tiwari,0,0,0,0
Neha Verma,DOC3210,Dr. Meena Tiwari,0,0,0,0
Neha Verma,DOC3211,Dr. Vikram Tiwari,0,0,0,0
Neha Verma,DOC3212,Dr. Pooja Tiwari,0,0,0,0
Neha Verma,DOC3213,Dr. Ramesh Tiwari,0,0,0,0
Neha Verma,DOC3214,Dr. Geeta Tiwari,0,0,0,0
Neha Verma,DOC3215,Dr. Nitin Tiwari,0,0,0,0
Neha Verma,DOC3216,Dr. Swati Tiwari,0,0,2,1
Neha Verma,DOC3217,Dr. Ajay Tiwari,2,0,0,0
Neha Verma,DOC3218,Dr. Lata Tiwari,0,0,0,0
Neha Verma,DOC3219,Dr. Prakash Tiwari,0,0,0,0
Neha Verma,DOC3220,Dr. Alka Tiwari,0,0,0,0
Neha Verma,DOC3221,Dr. Sunil Tiwari,0,0,0,0
Neha Verma,DOC3222,Dr. Kavita Tiwari,0,0,0,0
Neha Verma,DOC3223,Dr. Ravi Tiwari,80,0,4,1
Neha Verma,DOC3224,Dr. Smita Tiwari,15,2,1,1
Neha Verma,DOC3225,Dr. Mahesh Tiwari,0,0,0,0
Neha Verma,DOC3226,Dr. Nisha Tiwari,0,0,0,0
Neha Verma,DOC3227,Dr. Ganesh Tiwari,0,0,1,1
Neha Verma,DOC3228,Dr. Rohini Tiwari,0,0,0,0
Neha Verma,DOC3229,Dr. Vikas Tiwari,0,0,0,0
Neha Verma,DOC3230,Dr. Anita Tiwari,0,0,0,0
Neha Verma,DOC3231,Dr. Santosh Tiwari,2,2,1,1
Neha Verma,DOC3232,Dr. Varsha Tiwari,0,0,0,0
Neha Verma,DOC3233,Dr. Dinesh Tiwari,0,0,0,0
Neha Verma,DOC3234,Dr. Madhuri Tiwari,0,0,0,0
Neha Verma,DOC3235,Dr. Pradeep Tiwari,0,0,5,2
Neha Verma,DOC3236,Dr. Seema Tiwari,0,0,2,1
Neha Verma,DOC3237,Dr. Ashok Tiwari,0,0,7,2
Neha Verma,DOC3238,Dr. Vandana Tiwari,0,0,0,0
Neha Verma,DOC3239,Dr. Pramod Tiwari,89,9,7,2
Neha Verma,DOC3240,Dr. Chhaya Tiwari,0,0,0,0
Neha Verma,DOC3241,Dr. Vijay Tiwari,0,0,0,0
Neha Verma,DOC3242,Dr. Shobha Tiwari,78,0,1,1
Neha Verma,DOC3243,Dr. Anil Tiwari,0,0,0,0
Neha Verma,DOC3244,Dr. Sushma Tiwari,0,0,1,1
Neha Verma,DOC3245,Dr. Mohan Tiwari,0,0,0,0
Neha Verma,DOC3246,Dr. Radha Tiwari,0,0,3,2
Neha Verma,DOC3247,Dr. Suresh Tiwari,0,0,0,0
Neha Verma,DOC3248,Dr. Usha Tiwari,110,0,3,3
Neha Verma,DOC3249,Dr. Rahul Tiwari,0,0,0,0
Neha Verma,DOC3250,Dr. Sneha Tiwari,0,0,0,0
Neha Verma,DOC3251,Dr. Amit Tiwari,0,0,0,0
Neha Verma,DOC3252,Dr. Divya Tiwari,1,0,5,2
Neha Verma,DOC3253,Dr. Rohit Tiwari,0,0,0,0
Neha Verma,DOC3254,Dr. Priya Tiwari,7,0,0,0
Neha Verma,DOC3255,Dr. Kiran Tiwari,0,0,0,0
Neha Verma,DOC3256,Dr. Neha Tiwari,0,0,2,1
Neha Verma,DOC3257,Dr. Sachin Tiwari,0,0,0,0
Neha Verma,DOC3258,Dr. Pallavi Tiwari,0,0,0,0
Neha Verma,DOC3259,Dr. Vishal Tiwari,0,0,0,0
Neha Verma,DOC3260,Dr. Shruti Tiwari,0,0,0,0
Neha Verma,DOC3261,Dr. Nilesh Tiwari,0,0,0,0
Neha Verma,DOC3262,Dr. Manisha Tiwari,0,0,0,0
Neha Verma,DOC3263,Dr. Sandip Tiwari,6,0,0,0
Neha Verma,DOC3264,Dr. Rashmi Tiwari,0,0,0,0
Neha Verma,DOC3265,Dr. Pradip Tiwari,0,0,2,1
Neha Verma,DOC3266,Dr. Sunanda Tiwari,4,0,0,0
Neha Verma,DOC3267,Dr. Hemant Tiwari,0,0,0,0
Neha Verma,DOC3268,Dr. Vaishali Tiwari,0,0,0,0
Neha Verma,DOC3269,Dr. Girish Tiwari,0,0,4,1
Neha Verma,DOC3270,Dr. Sonal Tiwari,0,0,0,0
Neha Verma,DOC3271,Dr. Tushar Tiwari,0,0,1,1
Neha Verma,DOC3272,Dr. Mugdha Tiwari,0,0,7,2
Neha Verma,DOC3273,Dr. Shekhar Tiwari,2,0,0,0
Neha Verma,DOC3274,Dr. Aparna Tiwari,0,0,0,0
Neha Verma,DOC3275,Dr. Devendra Tiwari,0,0,0,0
Neha Verma,DOC3276,Dr. Archana Tiwari,0,0,0,0
Neha Verma,DOC3277,Dr. Yogesh Tiwari,0,0,0,0
Neha Verma,DOC3278,Dr. Sarita Tiwari,17,0,2,1
Neha Verma,DOC3279,Dr. Milind Tiwari,0,0,1,1
Neha Verma,DOC3280,Dr. Jyoti Tiwari,0,0,0,0
Neha Verma,DOC3281,Dr. Sharad Tiwari,0,0,0,0
Neha Verma,DOC3282,Dr. Shubhangi Tiwari,0,0,0,0
Neha Verma,DOC3283,Dr. Umesh Tiwari,0,0,4,1
Neha Verma,DOC3284,Dr. Bharati Tiwari,0,0,1,1
Neha Verma,DOC3285,Dr. Kedar Tiwari,0,0,0,0
Neha Verma,DOC3286,Dr. Leela Tiwari,0,0,2,2
Neha Verma,DOC3287,Dr. Narendra Tiwari,1,1,1,1
Neha Verma,DOC3288,Dr. Manda Tiwari,0,0,0,0
Neha Verma,DOC3289,Dr. Satish Tiwari,0,0,0,0
Neha Verma,DOC3290,Dr. Sulabha Tiwari,0,0,2,2
Neha Verma,DOC3291,Dr. Ravindra Tiwari,0,0,0,0
Neha Verma,DOC3292,Dr. Nanda Tiwari,0,0,0,0
Neha Verma,DOC3293,Dr. Dilip Tiwari,0,0,0,0
Neha Verma,DOC3294,Dr. Kamala Tiwari,0,0,1,1
Neha Verma,DOC3295,Dr. Madhukar Tiwari,0,0,1,1
Neha Verma,DOC3296,Dr. Sarojini Tiwari,0,0,1,1
Neha Verma,DOC3297,Dr. Bhaskar Tiwari,22,1,6,2
Neha Verma,DOC3298,Dr. Vimala Tiwari,0,0,1,1
Neha Verma,DOC3299,Dr. Chandrakant Tiwari,0,0,5,2
Neha Verma,DOC3300,Dr. Shanta Tiwari,0,0,1,1
Neha Verma,DOC3301,Dr. Dattatray Tiwari,0,0,1,1
Neha Verma,DOC3302,Dr. Savita Tiwari,0,0,0,0
Neha Verma,DOC3303,Dr. Vasant Tiwari,0,0,3,2
Neha Verma,DOC3304,Dr. Hema Tiwari,0,0,0,0
Neha Verma,DOC3305,Dr. Govind Tiwari,0,0,0,0
Neha Verma,DOC3306,Dr. Sindhu Tiwari,0,0,0,0
Neha Verma,DOC3307,Dr. Krishna Tiwari,13,11,2,2
Neha Verma,DOC3308,Dr. Malati Tiwari,3,3,2,2
Neha Verma,DOC3309,Dr. Shivaji Tiwari,0,0,0,0
Neha Verma,DOC3310,Dr. Pushpa Tiwari,2,2,7,2
Neha Verma,DOC3311,Dr. Babasaheb Tiwari,0,0,1,1
Neha Verma,DOC3312,Dr. Sumati Tiwari,0,0,1,1
Neha Verma,DOC3313,Dr. Pandurang Tiwari,0,0,1,1
Neha Verma,DOC3314,Dr. Nirmala Tiwari,0,0,1,1
Neha Verma,DOC3315,Dr. Vitthal Tiwari,0,0,0,0
Neha Verma,DOC3316,Dr. Sakhubai Tiwari,0,0,1,1
Neha Verma,DOC3317,Dr. Tukaram Tiwari,11,11,2,2
Neha Verma,DOC3318,Dr. Rukmini Tiwari,0,0,0,0
Neha Verma,DOC3319,Dr. Namdev Tiwari,0,0,0,0
Neha Verma,DOC3320,Dr. Yamuna Tiwari,0,0,0,0
Neha Verma,DOC3321,Dr. Rajesh Sinha,0,0,0,0
Neha Verma,DOC3322,Dr. Sunita Sinha,8,8,4,1
Neha Verma,DOC3323,Dr. Manoj Sinha,0,0,0,0
Neha Verma,DOC3324,Dr. Anita Sinha,0,0,6,1
Neha Verma,DOC3325,Dr. Deepak Sinha,0,0,4,1
Neha Verma,DOC3326,Dr. Rekha Sinha,15,15,7,2
Neha Verma,DOC3327,Dr. Arun Sinha,0,0,6,1
Neha Verma,DOC3328,Dr. Priti Sinha,0,0,5,1
Neha Verma,DOC3329,Dr. Sanjay Sinha,0,0,5,1
Neha Verma,DOC3330,Dr. Meena Sinha,0,0,4,1
Neha Verma,DOC3331,Dr. Vikram Sinha,0,0,1,1
Neha Verma,DOC3332,Dr. Pooja Sinha,0,0,1,1
Neha Verma,DOC3333,Dr. Ramesh Sinha,0,0,6,1
Neha Verma,DOC3334,Dr. Geeta Sinha,0,0,5,1
Neha Verma,DOC3335,Dr. Nitin Sinha,0,0,5,1
Neha Verma,DOC3336,Dr. Swati Sinha,0,0,5,1
Suresh Nair,DOC3337,Dr. Ajay Sinha,194,5,43,2
Suresh Nair,DOC3338,Dr. Lata Sinha,648,1,18,2
Suresh Nair,DOC3339,Dr. Prakash Sinha,1158,0,10,1
Suresh Nair,DOC3340,Dr. Alka Sinha,69,0,51,2
Suresh Nair,DOC3341,Dr. Sunil Sinha,215,0,16,1
Suresh Nair,DOC3342,Dr. Kavita Sinha,2980,44,16,1
Suresh Nair,DOC3343,Dr. Ravi Sinha,0,0,16,2
Suresh Nair,DOC3344,Dr. Smita Sinha,228,7,4,1
Suresh Nair,DOC3345,Dr. Mahesh Sinha,2,0,1,1
Suresh Nair,DOC3346,Dr. Nisha Sinha,18,3,18,2
Suresh Nair,DOC3347,Dr. Ganesh Sinha,22,0,8,1
Suresh Nair,DOC3348,Dr. Rohini Sinha,142,7,0,1
Suresh Nair,DOC3349,Dr. Vikas Sinha,6,0,3,1
Suresh Nair,DOC3350,Dr. Anita Sinha,0,0,0,0
Suresh Nair,DOC3351,Dr. Santosh Sinha,0,0,0,0
Suresh Nair,DOC3352,Dr. Varsha Sinha,132,0,0,0
Suresh Nair,DOC3353,Dr. Dinesh Sinha,56,0,21,1
Suresh Nair,DOC3354,Dr. Madhuri Sinha,0,0,0,0
Suresh Nair,DOC3355,Dr. Pradeep Sinha,30,4,5,1
Suresh Nair,DOC3356,Dr. Seema Sinha,0,0,0,0
Suresh Nair,DOC3357,Dr. Ashok Sinha,0,0,0,0
Suresh Nair,DOC3358,Dr. Vandana Sinha,0,0,0,0
Suresh Nair,DOC3359,Dr. Pramod Sinha,0,0,0,0
Suresh Nair,DOC3360,Dr. Chhaya Sinha,0,0,0,0
Suresh Nair,DOC3361,Dr. Vijay Sinha,0,0,0,0
Suresh Nair,DOC3362,Dr. Shobha Sinha,0,0,0,0
Suresh Nair,DOC3363,Dr. Anil Sinha,0,0,0,0
Suresh Nair,DOC3364,Dr. Sushma Sinha,0,0,0,0
Suresh Nair,DOC3365,Dr. Mohan Sinha,0,0,0,0
Suresh Nair,DOC3366,Dr. Radha Sinha,0,0,0,0
Suresh Nair,DOC3367,Dr. Suresh Sinha,0,0,0,0
Suresh Nair,DOC3368,Dr. Usha Sinha,10,10,28,2
Suresh Nair,DOC3369,Dr. Rahul Sinha,0,0,0,0
Suresh Nair,DOC3370,Dr. Sneha Sinha,0,0,0,0
Suresh Nair,DOC3371,Dr. Amit Sinha,0,0,11,1
Suresh Nair,DOC3372,Dr. Divya Sinha,0,0,0,0
Suresh Nair,DOC3373,Dr. Rohit Sinha,0,0,0,0
Suresh Nair,DOC3374,Dr. Priya Sinha,0,0,0,0
Suresh Nair,DOC3375,Dr. Kiran Sinha,0,0,0,0
Suresh Nair,DOC3376,Dr. Neha Sinha,0,0,0,0
Suresh Nair,DOC3377,Dr. Sachin Sinha,0,0,0,0
Suresh Nair,DOC3378,Dr. Pallavi Sinha,0,0,0,0
Suresh Nair,DOC3379,Dr. Vishal Sinha,0,0,0,0
Suresh Nair,DOC3380,Dr. Shruti Sinha,0,0,0,0
Suresh Nair,DOC3381,Dr. Nilesh Sinha,0,0,0,0
Suresh Nair,DOC3382,Dr. Manisha Sinha,0,0,0,0
Suresh Nair,DOC3383,Dr. Sandip Sinha,0,0,0,0
Suresh Nair,DOC3384,Dr. Rashmi Sinha,1,0,0,0
Suresh Nair,DOC3385,Dr. Pradip Sinha,0,0,0,0
Suresh Nair,DOC3386,Dr. Sunanda Sinha,2,0,0,0
Suresh Nair,DOC3387,Dr. Hemant Sinha,0,0,0,0
Suresh Nair,DOC3388,Dr. Vaishali Sinha,0,0,0,0
Suresh Nair,DOC3389,Dr. Girish Sinha,1,1,6,2
Suresh Nair,DOC3390,Dr. Sonal Sinha,0,0,8,1
Suresh Nair,DOC3391,Dr. Tushar Sinha,0,0,0,0
Suresh Nair,DOC3392,Dr. Mugdha Sinha,0,0,0,0
Suresh Nair,DOC3393,Dr. Shekhar Sinha,0,0,11,1
Suresh Nair,DOC3394,Dr. Aparna Sinha,0,0,0,0
Suresh Nair,DOC3395,Dr. Devendra Sinha,219,0,26,1
Suresh Nair,DOC3396,Dr. Archana Sinha,0,0,0,0
Suresh Nair,DOC3397,Dr. Yogesh Sinha,0,0,0,0
Suresh Nair,DOC3398,Dr. Sarita Sinha,0,0,0,0
Suresh Nair,DOC3399,Dr. Milind Sinha,0,0,0,0
Suresh Nair,DOC3400,Dr. Jyoti Sinha,0,0,0,0
Suresh Nair,DOC3401,Dr. Sharad Sinha,0,0,0,0
Suresh Nair,DOC3402,Dr. Shubhangi Sinha,0,0,0,0
Suresh Nair,DOC3403,Dr. Umesh Sinha,0,0,0,0
Suresh Nair,DOC3404,Dr. Bharati Sinha,0,0,0,0
Suresh Nair,DOC3405,Dr. Kedar Sinha,0,0,0,0
Suresh Nair,DOC3406,Dr. Leela Sinha,0,0,0,0
Suresh Nair,DOC3407,Dr. Narendra Sinha,0,0,0,0
Suresh Nair,DOC3408,Dr. Manda Sinha,0,0,0,0
Suresh Nair,DOC3409,Dr. Satish Sinha,0,0,0,0
Suresh Nair,DOC3410,Dr. Sulabha Sinha,0,0,0,0
Suresh Nair,DOC3411,Dr. Ravindra Sinha,0,0,0,0
Suresh Nair,DOC3412,Dr. Nanda Sinha,0,0,0,0
Suresh Nair,DOC3413,Dr. Dilip Sinha,0,0,0,0
Suresh Nair,DOC3414,Dr. Kamala Sinha,0,0,0,0
Suresh Nair,DOC3415,Dr. Madhukar Sinha,0,0,0,0
Suresh Nair,DOC3416,Dr. Sarojini Sinha,0,0,0,0
Suresh Nair,DOC3417,Dr. Bhaskar Sinha,30,9,13,1
Suresh Nair,DOC3418,Dr. Vimala Sinha,0,0,0,0
Suresh Nair,DOC3419,Dr. Chandrakant Sinha,12,0,26,1
Suresh Nair,DOC3420,Dr. Shanta Sinha,0,0,0,0
Suresh Nair,DOC3421,Dr. Dattatray Sinha,0,0,0,0
Suresh Nair,DOC3422,Dr. Savita Sinha,0,0,0,0
Suresh Nair,DOC3423,Dr. Vasant Sinha,0,0,0,0
Suresh Nair,DOC3424,Dr. Hema Sinha,0,0,0,0
Suresh Nair,DOC3425,Dr. Govind Sinha,0,0,0,0
Suresh Nair,DOC3426,Dr. Sindhu Sinha,0,0,0,0
Suresh Nair,DOC3427,Dr. Krishna Sinha,0,0,0,0
Suresh Nair,DOC3428,Dr. Malati Sinha,0,0,0,0
Suresh Nair,DOC3429,Dr. Shivaji Sinha,0,0,0,0
Suresh Nair,DOC3430,Dr. Pushpa Sinha,0,0,0,0
Suresh Nair,DOC3431,Dr. Babasaheb Sinha,0,0,0,0
Suresh Nair,DOC3432,Dr. Sumati Sinha,0,0,0,0
Suresh Nair,DOC3433,Dr. Pandurang Sinha,0,0,0,0
Suresh Nair,DOC3434,Dr. Nirmala Sinha,1,0,2,1
Suresh Nair,DOC3435,Dr. Vitthal Sinha,1,0,0,0
Suresh Nair,DOC3436,Dr. Sakhubai Sinha,16,0,0,0
Suresh Nair,DOC3437,Dr. Tukaram Sinha,41,0,14,1
Suresh Nair,DOC3438,Dr. Rukmini Sinha,0,0,13,2
Suresh Nair,DOC3439,Dr. Namdev Sinha,0,0,0,0
Suresh Nair,DOC3440,Dr. Yamuna Sinha,0,0,0,0
Suresh Nair,DOC3441,Dr. Rajesh Verma,1,0,0,0
Suresh Nair,DOC3442,Dr. Sunita Verma,1,0,0,0
Suresh Nair,DOC3443,Dr. Manoj Verma,1,0,0,0
Suresh Nair,DOC3444,Dr. Anita Verma,1,0,0,0
Suresh Nair,DOC3445,Dr. Deepak Verma,1,0,0,0
Suresh Nair,DOC3446,Dr. Rekha Verma,1,0,7,1
Suresh Nair,DOC3447,Dr. Arun Verma,3,0,0,0
Suresh Nair,DOC3448,Dr. Priti Verma,1,0,0,0
Suresh Nair,DOC3449,Dr. Sanjay Verma,1,0,15,1
Suresh Nair,DOC3450,Dr. Meena Verma,0,0,0,0
Suresh Nair,DOC3451,Dr. Vikram Verma,0,0,2,1
Suresh Nair,DOC3452,Dr. Pooja Verma,1,0,0,0
Suresh Nair,DOC3453,Dr. Ramesh Verma,1,0,0,0
Suresh Nair,DOC3454,Dr. Geeta Verma,0,0,0,0
Suresh Nair,DOC3455,Dr. Nitin Verma,21,0,0,0
Suresh Nair,DOC3456,Dr. Swati Verma,1,0,2,1
Suresh Nair,DOC3457,Dr. Ajay Verma,1,0,30,3
Suresh Nair,DOC3458,Dr. Lata Verma,1,0,0,0
Suresh Nair,DOC3459,Dr. Prakash Verma,16,16,0,1
Suresh Nair,DOC3460,Dr. Alka Verma,7,7,0,2
Kavita Reddy,DOC3461,Dr. Sunil Verma,1718,1656,2,3
Kavita Reddy,DOC3462,Dr. Kavita Verma,64,6,7,1
Kavita Reddy,DOC3463,Dr. Ravi Verma,166,0,9,2
Kavita Reddy,DOC3464,Dr. Smita Verma,43,7,0,1
Kavita Reddy,DOC3465,Dr. Mahesh Verma,1,0,1,1
Kavita Reddy,DOC3466,Dr. Nisha Verma,10,0,2,1
Kavita Reddy,DOC3467,Dr. Ganesh Verma,18,0,0,0
Kavita Reddy,DOC3468,Dr. Rohini Verma,49,3,6,1
Kavita Reddy,DOC3469,Dr. Vikas Verma,0,0,10,1
Kavita Reddy,DOC3470,Dr. Anita Verma,238,0,8,2
Kavita Reddy,DOC3471,Dr. Santosh Verma,13,0,2,1
Kavita Reddy,DOC3472,Dr. Varsha Verma,109,0,0,0
Kavita Reddy,DOC3473,Dr. Dinesh Verma,0,0,5,1
Kavita Reddy,DOC3474,Dr. Madhuri Verma,42,1,6,1
Kavita Reddy,DOC3475,Dr. Pradeep Verma,35,0,16,2
Kavita Reddy,DOC3476,Dr. Seema Verma,9,0,0,0
Kavita Reddy,DOC3477,Dr. Ashok Verma,62,11,0,1
Kavita Reddy,DOC3478,Dr. Vandana Verma,45,0,7,1
Kavita Reddy,DOC3479,Dr. Pramod Verma,18,0,4,1
Kavita Reddy,DOC3480,Dr. Chhaya Verma,12,0,0,0
Kavita Reddy,DOC3481,Dr. Vijay Verma,24,0,8,1
Kavita Reddy,DOC3482,Dr. Shobha Verma,166,17,0,1
Kavita Reddy,DOC3483,Dr. Anil Verma,75,1,0,1
Kavita Reddy,DOC3484,Dr. Sushma Verma,274,0,7,1
Kavita Reddy,DOC3485,Dr. Mohan Verma,22,1,0,1
Kavita Reddy,DOC3486,Dr. Radha Verma,3,0,0,0
Kavita Reddy,DOC3487,Dr. Suresh Verma,20,6,3,1
Kavita Reddy,DOC3488,Dr. Usha Verma,64,39,0,1
Kavita Reddy,DOC3489,Dr. Rahul Verma,46,0,4,1
Kavita Reddy,DOC3490,Dr. Sneha Verma,49,2,0,1
Kavita Reddy,DOC3491,Dr. Amit Verma,45,1,4,1
Kavita Reddy,DOC3492,Dr. Divya Verma,0,0,0,0
Kavita Reddy,DOC3493,Dr. Rohit Verma,8,0,6,1
Kavita Reddy,DOC3494,Dr. Priya Verma,37,2,3,1
Kavita Reddy,DOC3495,Dr. Kiran Verma,22,0,2,1
Kavita Reddy,DOC3496,Dr. Neha Verma,0,0,0,0
Kavita Reddy,DOC3497,Dr. Sachin Verma,1,0,5,1
Kavita Reddy,DOC3498,Dr. Pallavi Verma,0,0,2,1
Kavita Reddy,DOC3499,Dr. Vishal Verma,23,0,0,0
Kavita Reddy,DOC3500,Dr. Shruti Verma,0,0,0,0
Kavita Reddy,DOC3501,Dr. Nilesh Verma,26,0,0,0
Kavita Reddy,DOC3502,Dr. Manisha Verma,0,0,2,1
Kavita Reddy,DOC3503,Dr. Sandip Verma,10,0,8,1
Kavita Reddy,DOC3504,Dr. Rashmi Verma,183,0,0,0
Kavita Reddy,DOC3505,Dr. Pradip Verma,4,0,0,0
Kavita Reddy,DOC3506,Dr. Sunanda Verma,12,0,0,0
Kavita Reddy,DOC3507,Dr. Hemant Verma,6,0,7,1
Kavita Reddy,DOC3508,Dr. Vaishali Verma,11,0,3,1
Kavita Reddy,DOC3509,Dr. Girish Verma,0,0,0,0
Kavita Reddy,DOC3510,Dr. Sonal Verma,3,0,0,0
Kavita Reddy,DOC3511,Dr. Tushar Verma,0,0,0,0
Kavita Reddy,DOC3512,Dr. Mugdha Verma,0,0,0,0
Kavita Reddy,DOC3513,Dr. Shekhar Verma,11,0,0,0
Kavita Reddy,DOC3514,Dr. Aparna Verma,4,0,0,0
Kavita Reddy,DOC3515,Dr. Devendra Verma,2,0,0,0
Kavita Reddy,DOC3516,Dr. Archana Verma,6,0,0,0
Kavita Reddy,DOC3517,Dr. Yogesh Verma,15,0,0,0
Kavita Reddy,DOC3518,Dr. Sarita Verma,0,0,0,0
Kavita Reddy,DOC3519,Dr. Milind Verma,3,0,0,0
Kavita Reddy,DOC3520,Dr. Jyoti Verma,20,0,0,0
Kavita Reddy,DOC3521,Dr. Sharad Verma,6,0,0,0
Kavita Reddy,DOC3522,Dr. Shubhangi Verma,1,0,0,0
Kavita Reddy,DOC3523,Dr. Umesh Verma,0,0,0,0
Kavita Reddy,DOC3524,Dr. Bharati Verma,2,0,0,0
Kavita Reddy,DOC3525,Dr. Kedar Verma,1,0,0,0
Kavita Reddy,DOC3526,Dr. Leela Verma,8,0,0,0
Kavita Reddy,DOC3527,Dr. Narendra Verma,0,0,0,0
Kavita Reddy,DOC3528,Dr. Manda Verma,0,0,0,0
Kavita Reddy,DOC3529,Dr. Satish Verma,8,0,0,0
Kavita Reddy,DOC3530,Dr. Sulabha Verma,14,0,0,0
Kavita Reddy,DOC3531,Dr. Ravindra Verma,0,0,0,0
Kavita Reddy,DOC3532,Dr. Nanda Verma,14,11,0,2
Kavita Reddy,DOC3533,Dr. Dilip Verma,101,17,0,2
Kavita Reddy,DOC3534,Dr. Kamala Verma,0,0,0,0
Kavita Reddy,DOC3535,Dr. Madhukar Verma,1,0,0,0
Kavita Reddy,DOC3536,Dr. Sarojini Verma,0,0,0,0
Kavita Reddy,DOC3537,Dr. Bhaskar Verma,0,0,0,0
Kavita Reddy,DOC3538,Dr. Vimala Verma,3,0,0,0
Kavita Reddy,DOC3539,Dr. Chandrakant Verma,0,0,0,0
Kavita Reddy,DOC3540,Dr. Shanta Verma,0,0,0,0
Kavita Reddy,DOC3541,Dr. Dattatray Verma,0,0,0,0
Kavita Reddy,DOC3542,Dr. Savita Verma,4,0,0,0
Kavita Reddy,DOC3543,Dr. Vasant Verma,101,0,0,0
Kavita Reddy,DOC3544,Dr. Hema Verma,0,0,0,0
Kavita Reddy,DOC3545,Dr. Govind Verma,108,17,0,1
Kavita Reddy,DOC3546,Dr. Sindhu Verma,70,26,0,1
Kavita Reddy,DOC3547,Dr. Krishna Verma,26,7,0,1
Kavita Reddy,DOC3548,Dr. Malati Verma,27,4,0,1
Kavita Reddy,DOC3549,Dr. Shivaji Verma,13,0,0,0
Kavita Reddy,DOC3550,Dr. Pushpa Verma,5,0,0,0
Kavita Reddy,DOC3551,Dr. Babasaheb Verma,0,0,0,0
Kavita Reddy,DOC3552,Dr. Sumati Verma,0,0,0,0
Kavita Reddy,DOC3553,Dr. Pandurang Verma,0,0,11,2
Kavita Reddy,DOC3554,Dr. Nirmala Verma,139,0,10,2
Kavita Reddy,DOC3555,Dr. Vitthal Verma,0,0,0,0
Kavita Reddy,DOC3556,Dr. Sakhubai Verma,0,0,0,0
Kavita Reddy,DOC3557,Dr. Tukaram Verma,0,0,0,0
Kavita Reddy,DOC3558,Dr. Rukmini Verma,0,0,0,0
Kavita Reddy,DOC3559,Dr. Namdev Verma,0,0,0,0
Kavita Reddy,DOC3560,Dr. Yamuna Verma,0,0,0,0
Kavita Reddy,DOC3561,Dr. Rajesh Pillai,0,0,0,0
Kavita Reddy,DOC3562,Dr. Sunita Pillai,0,0,0,0
Kavita Reddy,DOC3563,Dr. Manoj Pillai,10,0,4,1
Kavita Reddy,DOC3564,Dr. Anita Pillai,0,0,0,0
Kavita Reddy,DOC3565,Dr. Deepak Pillai,0,0,1,1
Kavita Reddy,DOC3566,Dr. Rekha Pillai,28,0,0,0
Kavita Reddy,DOC3567,Dr. Arun Pillai,0,0,3,1
Kavita Reddy,DOC3568,Dr. Priti Pillai,4,0,0,0
Kavita Reddy,DOC3569,Dr. Sanjay Pillai,0,0,0,0
Kavita Reddy,DOC3570,Dr. Meena Pillai,0,0,0,0
Kavita Reddy,DOC3571,Dr. Vikram Pillai,0,0,0,0
Kavita Reddy,DOC3572,Dr. Pooja Pillai,0,0,0,0
Kavita Reddy,DOC3573,Dr. Ramesh Pillai,101,2,3,1
Kavita Reddy,DOC3574,Dr. Geeta Pillai,0,0,0,0
Kavita Reddy,DOC3575,Dr. Nitin Pillai,75,11,0,1
Kavita Reddy,DOC3576,Dr. Swati Pillai,3,0,0,0
Kavita Reddy,DOC3577,Dr. Ajay Pillai,2,2,13,1
Kavita Reddy,DOC3578,Dr. Lata Pillai,2,0,6,1
Kavita Reddy,DOC3579,Dr. Prakash Pillai,0,0,4,1
Kavita Reddy,DOC3580,Dr. Alka Pillai,0,0,12,1
Kavita Reddy,DOC3581,Dr. Sunil Pillai,43,11,0,1
Kavita Reddy,DOC3582,Dr. Kavita Pillai,12,2,19,2
Kavita Reddy,DOC3583,Dr. Ravi Pillai,0,0,0,0
Kavita Reddy,DOC3584,Dr. Smita Pillai,0,0,0,0
Kavita Reddy,DOC3585,Dr. Mahesh Pillai,5,0,2,1
Kavita Reddy,DOC3586,Dr. Nisha Pillai,0,0,2,1
Kavita Reddy,DOC3587,Dr. Ganesh Pillai,15,0,0,0
Kavita Reddy,DOC3588,Dr. Rohini Pillai,20,0,0,0
Kavita Reddy,DOC3589,Dr. Vikas Pillai,8,0,10,1
Kavita Reddy,DOC3590,Dr. Anita Pillai,0,0,0,0
Kavita Reddy,DOC3591,Dr. Santosh Pillai,0,0,0,0
Kavita Reddy,DOC3592,Dr. Varsha Pillai,4,0,5,1
Kavita Reddy,DOC3593,Dr. Dinesh Pillai,0,0,0,0
Kavita Reddy,DOC3594,Dr. Madhuri Pillai,0,0,0,0
Kavita Reddy,DOC3595,Dr. Pradeep Pillai,1,0,0,0
Kavita Reddy,DOC3596,Dr. Seema Pillai,0,0,0,0
Kavita Reddy,DOC3597,Dr. Ashok Pillai,0,0,0,0
Kavita Reddy,DOC3598,Dr. Vandana Pillai,1,0,0,0
Kavita Reddy,DOC3599,Dr. Pramod Pillai,0,0,0,0
Kavita Reddy,DOC3600,Dr. Chhaya Pillai,0,0,5,1
Kavita Reddy,DOC3601,Dr. Vijay Pillai,0,0,5,1
Kavita Reddy,DOC3602,Dr. Shobha Pillai,0,0,0,0
Kavita Reddy,DOC3603,Dr. Anil Pillai,43,0,4,1
Kavita Reddy,DOC3604,Dr. Sushma Pillai,0,0,0,0
Kavita Reddy,DOC3605,Dr. Mohan Pillai,0,0,3,1
Kavita Reddy,DOC3606,Dr. Radha Pillai,1,0,0,0
Kavita Reddy,DOC3607,Dr. Suresh Pillai,0,0,0,0
Kavita Reddy,DOC3608,Dr. Usha Pillai,0,0,7,1
Kavita Reddy,DOC3609,Dr. Rahul Pillai,0,0,2,1
Kavita Reddy,DOC3610,Dr. Sneha Pillai,0,0,0,0
Kavita Reddy,DOC3611,Dr. Amit Pillai,0,0,5,1
Kavita Reddy,DOC3612,Dr. Divya Pillai,0,0,0,0
Kavita Reddy,DOC3613,Dr. Rohit Pillai,1,0,0,0
Kavita Reddy,DOC3614,Dr. Priya Pillai,0,0,0,0
Kavita Reddy,DOC3615,Dr. Kiran Pillai,0,0,0,0
Kavita Reddy,DOC3616,Dr. Neha Pillai,16,10,3,2
Kavita Reddy,DOC3617,Dr. Sachin Pillai,0,0,0,0
Kavita Reddy,DOC3618,Dr. Pallavi Pillai,15,0,0,0
Kavita Reddy,DOC3619,Dr. Vishal Pillai,0,0,0,0
Kavita Reddy,DOC3620,Dr. Shruti Pillai,0,0,0,0
Kavita Reddy,DOC3621,Dr. Nilesh Pillai,0,0,0,0
Kavita Reddy,DOC3622,Dr. Manisha Pillai,0,0,0,0
Kavita Reddy,DOC3623,Dr. Sandip Pillai,0,0,0,0
Kavita Reddy,DOC3624,Dr. Rashmi Pillai,0,0,0,0
Kavita Reddy,DOC3625,Dr. Pradip Pillai,4,0,0,0
Kavita Reddy,DOC3626,Dr. Sunanda Pillai,20,0,0,0
Kavita Reddy,DOC3627,Dr. Hemant Pillai,7,0,5,1
Kavita Reddy,DOC3628,Dr. Vaishali Pillai,0,0,0,0
Kavita Reddy,DOC3629,Dr. Girish Pillai,3,0,0,0
Kavita Reddy,DOC3630,Dr. Sonal Pillai,0,0,2,1
Kavita Reddy,DOC3631,Dr. Tushar Pillai,170,7,5,1
Kavita Reddy,DOC3632,Dr. Mugdha Pillai,0,0,0,0
Kavita Reddy,DOC3633,Dr. Shekhar Pillai,0,0,0,0
Kavita Reddy,DOC3634,Dr. Aparna Pillai,0,0,0,0
Kavita Reddy,DOC3635,Dr. Devendra Pillai,0,0,0,0
Kavita Reddy,DOC3636,Dr. Archana Pillai,0,0,0,0
Kavita Reddy,DOC3637,Dr. Yogesh Pillai,0,0,0,0
Kavita Reddy,DOC3638,Dr. Sarita Pillai,0,0,0,0
Kavita Reddy,DOC3639,Dr. Milind Pillai,3,0,0,0
Kavita Reddy,DOC3640,Dr. Jyoti Pillai,2,0,0,0
Arjun Pandey,DOC3641,Dr. Sharad Pillai,110,17,6,1
Arjun Pandey,DOC3642,Dr. Shubhangi Pillai,36,0,7,1
Arjun Pandey,DOC3643,Dr. Umesh Pillai,141,6,1,2
Arjun Pandey,DOC3644,Dr. Bharati Pillai,302,5,8,1
Arjun Pandey,DOC3645,Dr. Kedar Pillai,501,24,9,3
Arjun Pandey,DOC3646,Dr. Leela Pillai,16,0,4,1
Arjun Pandey,DOC3647,Dr. Narendra Pillai,134,0,6,1
Arjun Pandey,DOC3648,Dr. Manda Pillai,610,26,0,1
Arjun Pandey,DOC3649,Dr. Satish Pillai,125,0,0,0
Arjun Pandey,DOC3650,Dr. Sulabha Pillai,249,3,12,5
Arjun Pandey,DOC3651,Dr. Ravindra Pillai,624,32,1,4
Arjun Pandey,DOC3652,Dr. Nanda Pillai,2,0,8,3
Arjun Pandey,DOC3653,Dr. Dilip Pillai,1077,37,15,1
Arjun Pandey,DOC3654,Dr. Kamala Pillai,10,0,16,2
Arjun Pandey,DOC3655,Dr. Madhukar Pillai,652,49,19,5
Arjun Pandey,DOC3656,Dr. Sarojini Pillai,60,0,0,0
Arjun Pandey,DOC3657,Dr. Bhaskar Pillai,138,0,2,2
Arjun Pandey,DOC3658,Dr. Vimala Pillai,309,0,8,3
Arjun Pandey,DOC3659,Dr. Chandrakant Pillai,240,0,8,2
Arjun Pandey,DOC3660,Dr. Shanta Pillai,12,0,8,1
Arjun Pandey,DOC3661,Dr. Dattatray Pillai,110,0,17,3
Arjun Pandey,DOC3662,Dr. Savita Pillai,1,0,3,1
Arjun Pandey,DOC3663,Dr. Vasant Pillai,143,0,2,2
Arjun Pandey,DOC3664,Dr. Hema Pillai,0,0,0,0
Arjun Pandey,DOC3665,Dr. Govind Pillai,240,0,2,2
Arjun Pandey,DOC3666,Dr. Sindhu Pillai,3,0,0,0
Arjun Pandey,DOC3667,Dr. Krishna Pillai,115,0,1,2
Arjun Pandey,DOC3668,Dr. Malati Pillai,0,0,2,2
Arjun Pandey,DOC3669,Dr. Shivaji Pillai,1,0,0,0
Arjun Pandey,DOC3670,Dr. Pushpa Pillai,174,6,5,1
Arjun Pandey,DOC3671,Dr. Babasaheb Pillai,1,0,0,0
Arjun Pandey,DOC3672,Dr. Sumati Pillai,121,0,7,1
Arjun Pandey,DOC3673,Dr. Pandurang Pillai,3,0,17,2
Arjun Pandey,DOC3674,Dr. Nirmala Pillai,195,0,0,0
Arjun Pandey,DOC3675,Dr. Vitthal Pillai,225,0,14,1
Arjun Pandey,DOC3676,Dr. Sakhubai Pillai,0,0,0,0
Arjun Pandey,DOC3677,Dr. Tukaram Pillai,6,0,13,2
Arjun Pandey,DOC3678,Dr. Rukmini Pillai,67,0,0,0
Arjun Pandey,DOC3679,Dr. Namdev Pillai,9,0,0,0
Arjun Pandey,DOC3680,Dr. Yamuna Pillai,63,0,3,1
Arjun Pandey,DOC3681,Dr. Rajesh Chavan,142,3,0,1
Arjun Pandey,DOC3682,Dr. Sunita Chavan,0,0,0,0
Arjun Pandey,DOC3683,Dr. Manoj Chavan,79,2,0,1
Arjun Pandey,DOC3684,Dr. Anita Chavan,0,0,0,0
Arjun Pandey,DOC3685,Dr. Deepak Chavan,68,0,0,0
Arjun Pandey,DOC3686,Dr. Rekha Chavan,19,0,0,0
Arjun Pandey,DOC3687,Dr. Arun Chavan,28,0,0,0
Arjun Pandey,DOC3688,Dr. Priti Chavan,23,1,0,1
Arjun Pandey,DOC3689,Dr. Sanjay Chavan,0,0,0,0
Arjun Pandey,DOC3690,Dr. Meena Chavan,14,1,3,2
Arjun Pandey,DOC3691,Dr. Vikram Chavan,0,0,0,0
Arjun Pandey,DOC3692,Dr. Pooja Chavan,14,0,0,0
Arjun Pandey,DOC3693,Dr. Ramesh Chavan,1,0,0,0
Arjun Pandey,DOC3694,Dr. Geeta Chavan,0,0,0,0
Arjun Pandey,DOC3695,Dr. Nitin Chavan,4,0,0,0
Arjun Pandey,DOC3696,Dr. Swati Chavan,42,0,0,0
Arjun Pandey,DOC3697,Dr. Ajay Chavan,13,0,0,0
Arjun Pandey,DOC3698,Dr. Lata Chavan,15,0,12,1
Arjun Pandey,DOC3699,Dr. Prakash Chavan,85,0,4,1
Arjun Pandey,DOC3700,Dr. Alka Chavan,15,0,0,0
Arjun Pandey,DOC3701,Dr. Sunil Chavan,2,0,0,0
Arjun Pandey,DOC3702,Dr. Kavita Chavan,397,3,9,1
Arjun Pandey,DOC3703,Dr. Ravi Chavan,44,0,10,1
Arjun Pandey,DOC3704,Dr. Smita Chavan,5,0,11,1
Arjun Pandey,DOC3705,Dr. Mahesh Chavan,73,0,5,2
Arjun Pandey,DOC3706,Dr. Nisha Chavan,267,0,0,0
Arjun Pandey,DOC3707,Dr. Ganesh Chavan,186,0,2,2
Arjun Pandey,DOC3708,Dr. Rohini Chavan,0,0,16,1
Arjun Pandey,DOC3709,Dr. Vikas Chavan,0,0,0,0
Arjun Pandey,DOC3710,Dr. Anita Chavan,10,0,0,0
Arjun Pandey,DOC3711,Dr. Santosh Chavan,119,0,1,1
Arjun Pandey,DOC3712,Dr. Varsha Chavan,0,0,0,0
Arjun Pandey,DOC3713,Dr. Dinesh Chavan,18,0,5,1
Arjun Pandey,DOC3714,Dr. Madhuri Chavan,84,0,6,1
Arjun Pandey,DOC3715,Dr. Pradeep Chavan,0,0,4,1
Arjun Pandey,DOC3716,Dr. Seema Chavan,0,0,1,1
Arjun Pandey,DOC3717,Dr. Ashok Chavan,0,0,0,0
Arjun Pandey,DOC3718,Dr. Vandana Chavan,0,0,9,1
Arjun Pandey,DOC3719,Dr. Pramod Chavan,0,0,0,0
Arjun Pandey,DOC3720,Dr. Chhaya Chavan,30,0,0,0
Arjun Pandey,DOC3721,Dr. Vijay Chavan,19,1,3,2
Arjun Pandey,DOC3722,Dr. Shobha Chavan,2,0,0,0
Arjun Pandey,DOC3723,Dr. Anil Chavan,1,0,0,0
Arjun Pandey,DOC3724,Dr. Sushma Chavan,355,40,10,3
Arjun Pandey,DOC3725,Dr. Mohan Chavan,139,0,2,1
Arjun Pandey,DOC3726,Dr. Radha Chavan,0,0,2,2
Arjun Pandey,DOC3727,Dr. Suresh Chavan,0,0,0,0
Arjun Pandey,DOC3728,Dr. Usha Chavan,36,0,0,0
Arjun Pandey,DOC3729,Dr. Rahul Chavan,21,0,0,0
Arjun Pandey,DOC3730,Dr. Sneha Chavan,2,0,0,0
Arjun Pandey,DOC3731,Dr. Amit Chavan,0,0,4,1
Arjun Pandey,DOC3732,Dr. Divya Chavan,1,0,0,0
Arjun Pandey,DOC3733,Dr. Rohit Chavan,0,0,0,0
Arjun Pandey,DOC3734,Dr. Priya Chavan,0,0,0,0
Arjun Pandey,DOC3735,Dr. Kiran Chavan,0,0,0,0
Arjun Pandey,DOC3736,Dr. Neha Chavan,0,0,0,0
Arjun Pandey,DOC3737,Dr. Sachin Chavan,1,0,0,0
Arjun Pandey,DOC3738,Dr. Pallavi Chavan,0,0,0,0
Arjun Pandey,DOC3739,Dr. Vishal Chavan,0,0,0,0
Arjun Pandey,DOC3740,Dr. Shruti Chavan,0,0,0,0
Arjun Pandey,DOC3741,Dr. Nilesh Chavan,0,0,0,0
Arjun Pandey,DOC3742,Dr. Manisha Chavan,24,6,14,2
Arjun Pandey,DOC3743,Dr. Sandip Chavan,0,0,0,0
Arjun Pandey,DOC3744,Dr. Rashmi Chavan,0,0,0,0
Arjun Pandey,DOC3745,Dr. Pradip Chavan,0,0,0,0
Arjun Pandey,DOC3746,Dr. Sunanda Chavan,68,0,0,0
Arjun Pandey,DOC3747,Dr. Hemant Chavan,5,4,1,2
Arjun Pandey,DOC3748,Dr. Vaishali Chavan,61,13,11,3
